,pixel_r,pixel_g,pixel_b,local_r,local_g,local_b,edges_r,edges_g,edges_b,label
0,81,86,79,91,93,79,100,102,86,norm_impervious
1,126,110,87,132,116,91,117,108,84,tan_impervious
2,94,96,85,93,95,82,108,109,91,norm_impervious
3,67,83,56,71,84,56,85,93,69,norm_pervious
4,158,129,85,152,137,95,79,86,55,dry_pervious
5,122,123,105,121,121,101,108,109,88,norm_impervious
6,99,100,92,92,94,80,100,102,86,norm_impervious
7,91,99,76,92,98,76,82,89,68,norm_impervious
8,109,111,89,99,103,82,85,91,71,norm_impervious
9,100,100,88,100,103,84,83,88,68,norm_impervious
10,94,92,79,96,95,83,116,116,99,norm_impervious
11,145,146,132,137,139,125,105,105,90,norm_impervious
12,149,151,129,140,141,120,90,93,73,norm_impervious
13,130,131,113,120,121,101,112,113,93,norm_impervious
14,78,82,67,86,90,74,117,122,105,norm_impervious
15,62,77,58,69,82,63,84,91,75,norm_pervious
16,66,80,63,67,81,63,86,93,79,norm_pervious
17,101,110,89,91,96,74,80,87,66,norm_impervious
18,158,129,85,152,137,95,79,86,55,dry_pervious
19,162,142,109,150,131,100,110,106,77,dry_pervious
20,216,202,199,213,202,199,183,174,166,norm_impervious
21,117,103,76,132,115,90,131,116,91,tan_impervious
22,79,85,57,72,78,51,71,77,50,norm_pervious
23,67,74,58,68,72,59,68,75,57,norm_impervious
24,64,64,52,69,71,61,74,79,64,norm_impervious
25,65,64,59,70,73,61,77,84,66,norm_impervious
26,116,118,105,94,97,82,76,80,64,norm_impervious
27,105,110,88,100,106,85,83,91,70,norm_impervious
28,46,60,35,51,63,42,59,71,49,shaded_pervious
29,20,22,9,36,40,25,56,60,44,shaded_pervious
30,61,70,49,62,73,49,69,76,56,shaded_pervious
31,61,70,49,72,77,54,79,81,60,shaded_pervious
32,53,61,40,70,75,54,80,82,61,shaded_pervious
33,57,60,43,65,69,49,78,79,59,shaded_pervious
34,78,88,61,70,84,58,64,75,51,norm_pervious
35,38,62,40,49,70,43,72,83,57,norm_pervious
36,147,145,133,147,149,136,146,148,134,norm_impervious
37,99,103,89,95,102,82,66,75,54,norm_impervious
38,123,122,101,126,127,107,110,112,91,norm_impervious
39,150,148,127,155,154,133,121,120,99,norm_impervious
40,159,158,140,150,152,131,129,130,111,norm_impervious
41,137,139,125,124,125,110,133,132,114,norm_impervious
42,125,124,103,125,126,106,111,113,93,norm_impervious
43,95,102,86,95,102,82,65,75,54,norm_impervious
44,102,107,87,88,96,75,68,76,56,norm_impervious
45,68,90,54,77,89,63,83,91,70,norm_pervious
46,68,81,53,66,79,53,79,88,66,norm_pervious
47,67,81,56,66,79,53,81,90,68,norm_pervious
48,57,79,43,54,70,43,60,71,48,norm_pervious
49,49,63,37,52,67,42,60,70,51,shaded_pervious
50,19,50,18,32,57,29,52,71,44,shaded_pervious
51,41,61,34,53,69,42,61,69,44,shaded_pervious
52,65,73,49,58,70,45,59,69,47,norm_pervious
53,49,72,43,57,75,48,81,88,64,norm_pervious
54,41,64,35,51,71,45,82,91,68,norm_pervious
55,34,59,37,53,72,46,76,85,60,norm_pervious
56,76,88,64,71,82,56,83,92,67,norm_pervious
57,63,83,56,77,86,60,99,103,80,norm_pervious
58,220,217,212,214,212,206,137,139,126,norm_impervious
59,124,126,112,139,141,128,123,125,110,norm_impervious
60,131,111,78,131,113,87,129,114,89,tan_impervious
61,132,115,87,139,122,97,123,111,87,tan_impervious
62,133,121,95,137,120,95,125,114,90,tan_impervious
63,145,124,97,135,125,102,126,118,97,tan_impervious
64,164,156,117,165,158,120,158,151,118,tan_impervious
65,106,108,87,96,101,82,70,79,60,norm_impervious
66,77,82,75,95,96,82,105,107,90,norm_impervious
67,64,66,52,61,69,51,68,77,58,shaded_pervious
68,34,73,28,48,71,39,55,72,45,norm_pervious
69,44,57,29,57,75,43,61,76,47,norm_pervious
70,70,80,56,67,77,50,65,74,47,norm_pervious
71,42,60,34,54,70,44,56,71,46,shaded_pervious
72,49,73,41,54,73,44,57,72,47,norm_pervious
73,92,100,76,65,80,50,60,74,48,norm_pervious
74,57,78,45,51,73,41,57,74,45,norm_pervious
75,102,98,71,97,101,72,87,95,70,dry_pervious
76,119,110,79,98,102,72,90,97,71,dry_pervious
77,97,106,75,95,100,71,87,94,69,norm_pervious
78,73,76,67,79,82,73,96,99,83,norm_impervious
79,74,75,67,85,89,77,94,97,80,norm_impervious
80,82,84,71,84,87,76,96,99,83,norm_impervious
81,105,108,87,106,108,90,79,83,64,norm_impervious
82,118,119,101,106,107,91,70,77,59,norm_impervious
83,108,113,91,102,105,89,74,80,62,norm_impervious
84,236,234,247,231,227,233,136,134,120,norm_impervious
85,133,137,123,140,143,129,154,157,144,norm_impervious
86,144,141,122,150,149,129,136,136,116,norm_impervious
87,78,85,67,62,74,54,60,75,53,shaded_pervious
88,67,70,61,66,70,58,77,85,65,norm_impervious
89,42,45,38,48,58,41,82,89,70,norm_impervious
90,60,63,52,61,67,53,73,82,63,norm_impervious
91,39,52,35,52,66,44,59,69,48,shaded_pervious
92,70,71,65,78,81,67,89,93,75,norm_impervious
93,83,86,75,94,96,82,107,109,91,norm_impervious
94,75,73,60,71,76,59,79,87,68,norm_impervious
95,50,80,46,55,70,46,63,73,52,norm_pervious
96,42,72,34,52,68,43,66,75,52,norm_pervious
97,54,73,41,52,70,41,61,71,48,norm_pervious
98,67,84,50,53,70,41,59,70,47,norm_pervious
99,46,59,33,50,63,37,67,78,53,norm_pervious
100,49,68,38,57,70,46,59,69,48,norm_pervious
101,158,132,99,124,115,85,98,100,73,dry_pervious
102,37,59,36,53,72,46,82,91,67,norm_pervious
103,47,71,45,52,73,45,68,81,55,norm_pervious
104,41,72,40,56,74,47,89,95,70,norm_pervious
105,114,111,92,108,111,91,84,90,69,norm_impervious
106,123,128,108,111,115,94,84,90,71,norm_impervious
107,101,103,92,95,96,82,131,129,112,norm_impervious
108,177,176,158,176,175,157,134,132,116,norm_impervious
109,143,142,124,143,141,125,126,125,109,norm_impervious
110,94,92,79,92,93,80,110,111,94,norm_impervious
111,118,116,101,127,126,109,109,111,94,norm_impervious
112,105,107,86,95,98,80,97,101,82,norm_impervious
113,158,155,136,154,153,132,118,118,96,norm_impervious
114,198,191,185,212,202,199,167,159,148,norm_impervious
115,156,157,143,139,142,125,112,119,99,norm_impervious
116,63,79,52,60,80,52,74,88,61,norm_pervious
117,143,120,76,133,120,81,72,84,53,dry_pervious
118,143,124,82,132,120,81,71,83,50,dry_pervious
119,156,132,104,146,129,98,107,103,78,norm_impervious
120,157,132,101,115,111,81,98,100,71,dry_pervious
121,104,107,88,98,102,85,81,89,70,norm_impervious
122,121,124,103,107,108,89,75,81,60,norm_impervious
123,130,120,93,129,123,98,117,114,97,tan_impervious
124,169,161,122,169,163,125,160,153,119,tan_impervious
125,144,137,95,161,154,116,170,163,127,tan_impervious
126,125,119,87,134,127,101,140,136,112,tan_impervious
127,94,101,68,93,100,67,81,90,59,norm_pervious
128,35,59,33,49,70,43,66,79,53,norm_pervious
129,70,86,59,70,85,58,52,69,44,norm_pervious
130,53,73,46,54,67,44,55,70,45,norm_pervious
131,41,59,37,47,64,39,56,69,46,norm_pervious
132,42,60,38,44,61,37,55,68,46,shaded_pervious
133,39,58,36,47,65,39,54,70,45,shaded_pervious
134,43,57,32,48,65,40,55,69,45,shaded_pervious
135,48,67,45,43,62,37,55,70,45,shaded_pervious
136,95,84,66,78,79,59,68,76,54,norm_pervious
137,77,82,59,66,76,52,63,76,51,norm_pervious
138,111,113,102,109,111,90,93,98,75,norm_impervious
139,106,107,89,104,107,88,85,92,70,norm_impervious
140,101,102,88,98,100,81,115,119,96,norm_impervious
141,83,88,81,86,90,76,71,80,58,norm_impervious
142,107,111,96,98,102,82,80,86,66,norm_impervious
143,133,121,79,132,120,81,71,83,50,dry_pervious
144,157,133,105,147,129,98,108,103,78,dry_pervious
145,234,233,241,231,227,233,141,139,126,norm_impervious
146,235,229,241,230,227,233,137,136,122,norm_impervious
147,235,230,237,231,228,233,141,139,126,norm_impervious
148,210,200,198,212,202,198,170,162,151,norm_impervious
149,138,133,95,142,135,102,148,141,114,tan_impervious
150,151,142,101,147,140,106,120,117,90,tan_impervious
151,193,184,143,170,163,124,158,151,115,tan_impervious
152,160,155,113,163,156,118,154,148,113,tan_impervious
153,164,158,124,161,155,121,141,136,104,tan_impervious
154,168,159,120,166,159,121,155,149,115,tan_impervious
155,159,151,115,162,155,121,157,151,118,tan_impervious
156,179,173,139,171,164,131,145,140,110,tan_impervious
157,173,165,129,169,161,129,139,132,105,tan_impervious
158,89,90,82,96,97,83,127,126,108,norm_impervious
159,80,83,66,94,95,80,130,128,111,norm_impervious
160,89,92,83,97,98,83,129,128,110,norm_impervious
161,97,95,83,96,95,83,114,114,97,norm_impervious
162,91,90,72,95,94,81,110,111,94,norm_impervious
163,101,103,90,98,98,85,103,104,89,norm_impervious
164,84,85,71,97,99,85,97,97,82,norm_impervious
165,84,86,72,94,95,82,104,105,89,norm_impervious
166,87,91,76,104,105,90,108,109,92,norm_impervious
167,140,119,92,139,123,98,123,111,87,tan_impervious
168,131,111,78,131,113,87,129,114,89,tan_impervious
169,142,120,83,130,112,85,126,114,90,tan_impervious
170,110,118,105,116,120,103,132,131,112,norm_impervious
171,75,88,62,84,92,66,107,110,89,norm_pervious
172,47,73,44,52,71,45,79,88,63,norm_pervious
173,55,86,52,53,74,46,73,85,59,norm_pervious
174,61,76,43,56,72,43,59,72,45,norm_pervious
175,57,76,44,54,71,42,60,71,48,norm_pervious
176,118,121,104,107,111,92,67,77,55,norm_impervious
177,124,126,112,106,111,92,67,76,54,norm_impervious
178,64,63,58,70,72,63,89,97,75,norm_impervious
179,91,93,79,100,99,84,63,68,50,norm_impervious
180,83,94,77,81,89,69,68,74,59,norm_impervious
181,121,118,103,101,100,83,63,71,51,norm_impervious
182,146,153,135,143,152,134,65,77,58,norm_impervious
183,123,122,104,132,129,112,69,70,52,norm_impervious
184,119,120,88,128,121,93,72,77,56,norm_impervious
185,131,125,93,129,122,94,70,75,55,tan_impervious
186,126,122,93,129,122,94,70,75,55,tan_impervious
187,126,121,89,124,124,94,73,80,56,tan_impervious
188,117,114,81,124,124,94,74,81,56,tan_impervious
189,107,108,92,95,96,79,85,73,54,norm_impervious
190,121,124,105,109,113,92,87,90,69,norm_impervious
191,151,159,138,154,158,139,83,90,72,norm_impervious
192,151,154,135,149,152,133,84,91,72,norm_impervious
193,80,94,69,75,85,61,96,104,82,norm_pervious
194,170,181,165,166,177,162,91,95,77,norm_impervious
195,174,177,160,158,165,145,91,100,80,norm_impervious
196,142,155,135,139,151,132,77,91,67,norm_impervious
197,117,115,92,120,121,99,71,80,58,tan_impervious
198,121,130,111,115,125,107,65,76,54,norm_impervious
199,161,173,153,158,168,149,78,87,67,norm_impervious
200,152,150,129,145,143,122,87,91,72,norm_impervious
201,123,116,88,120,114,87,77,80,55,tan_impervious
202,125,124,96,126,122,93,84,88,63,tan_impervious
203,116,114,89,124,121,97,89,92,66,tan_impervious
204,102,98,69,99,96,70,99,99,75,tan_impervious
205,96,94,79,91,95,78,87,90,70,norm_impervious
206,104,104,94,93,98,78,88,92,71,norm_impervious
207,81,86,79,91,93,79,100,102,86,norm_impervious
208,94,95,81,96,100,82,90,92,72,norm_impervious
209,95,101,89,98,102,83,94,89,68,norm_impervious
210,101,105,82,96,101,79,85,91,71,norm_impervious
211,110,112,90,102,106,84,85,92,70,norm_impervious
212,111,115,92,96,100,79,85,92,71,norm_impervious
213,92,100,79,90,97,77,82,88,68,norm_impervious
214,93,94,80,91,93,79,98,101,84,norm_impervious
215,61,64,57,72,76,62,85,91,71,norm_impervious
216,70,72,69,68,72,59,74,80,62,norm_impervious
217,66,69,60,64,69,55,71,80,60,norm_impervious
218,53,56,45,61,67,53,73,82,63,norm_impervious
219,88,95,77,94,98,83,86,92,72,norm_impervious
220,117,120,99,107,111,90,81,89,67,norm_impervious
221,92,94,81,85,90,75,84,86,69,norm_impervious
222,111,115,101,100,104,85,82,89,69,norm_impervious
223,146,123,92,141,124,90,79,86,57,dry_pervious
224,112,112,88,126,120,93,76,79,55,norm_impervious
225,107,103,78,108,106,80,71,77,52,tan_impervious
226,69,74,52,60,66,43,89,94,72,norm_impervious
227,146,130,104,135,124,98,72,81,53,dry_pervious
228,115,109,83,91,91,66,87,92,69,dry_pervious
229,108,102,78,91,92,67,88,91,69,dry_pervious
230,93,89,62,85,88,63,77,86,61,dry_pervious
231,112,118,90,106,108,90,71,80,57,norm_impervious
232,104,107,90,106,107,91,77,82,64,norm_impervious
233,111,112,94,101,104,86,69,77,56,norm_impervious
234,100,108,93,76,83,67,70,77,60,norm_impervious
235,84,88,71,102,103,88,112,113,97,norm_impervious
236,95,98,91,91,93,80,100,102,86,norm_impervious
237,143,150,134,144,147,134,144,146,133,norm_impervious
238,142,146,131,145,149,135,144,146,131,norm_impervious
239,102,103,85,102,105,87,78,85,65,norm_impervious
240,106,107,91,106,110,90,97,102,78,norm_impervious
241,91,93,80,82,88,71,72,81,58,norm_impervious
242,54,82,44,50,73,43,62,76,53,norm_pervious
243,52,80,42,53,76,45,61,76,52,norm_pervious
244,152,150,137,137,140,123,112,118,98,norm_impervious
245,138,124,77,134,120,81,72,84,53,dry_pervious
246,165,137,100,146,128,97,108,104,79,norm_impervious
247,40,54,31,36,46,28,34,43,26,norm_pervious
248,85,78,60,65,65,47,44,48,33,dry_pervious
249,81,74,56,67,66,48,49,51,37,dry_pervious
250,98,86,62,71,67,49,51,52,37,dry_pervious
251,64,63,42,71,68,50,54,54,38,norm_pervious
252,30,41,24,36,49,30,38,50,32,norm_pervious
253,38,49,35,42,53,35,44,54,37,norm_pervious
254,44,56,36,42,50,36,45,52,39,norm_pervious
255,52,64,44,47,55,38,40,48,33,norm_pervious
256,32,29,24,30,33,22,39,46,32,shaded_pervious
257,31,32,26,34,37,26,41,44,30,norm_impervious
258,52,60,37,36,46,27,35,45,26,norm_pervious
259,38,47,30,46,52,34,46,53,35,norm_pervious
260,38,46,33,39,48,30,38,47,30,norm_pervious
261,134,129,110,113,107,89,87,81,66,dry_pervious
262,78,69,60,76,69,59,98,93,79,dry_pervious
263,27,33,19,36,45,28,35,44,27,shaded_pervious
264,39,46,28,37,44,27,38,45,28,norm_pervious
265,41,56,33,44,52,36,41,45,31,norm_pervious
266,49,58,39,36,46,27,35,44,26,norm_pervious
267,48,60,40,39,49,32,38,47,30,norm_pervious
268,36,45,24,37,49,30,37,46,28,norm_pervious
269,19,25,11,35,43,26,37,44,28,shaded_pervious
270,49,58,39,39,48,31,38,46,29,norm_pervious
271,26,35,16,35,46,27,37,47,28,shaded_pervious
272,48,60,38,39,50,29,38,48,28,norm_pervious
273,58,66,51,44,52,36,42,46,32,norm_pervious
274,39,48,31,45,52,35,39,45,30,norm_pervious
275,34,45,31,41,52,34,43,53,37,norm_pervious
276,31,48,32,39,51,35,39,49,34,norm_pervious
277,31,44,26,40,52,35,39,50,34,norm_pervious
278,19,31,17,33,41,25,39,45,31,norm_pervious
279,80,76,64,75,76,62,66,69,56,norm_impervious
280,73,75,61,75,77,63,64,67,53,norm_impervious
281,76,74,61,77,78,64,70,72,58,norm_impervious
282,81,81,69,74,76,63,64,67,53,norm_impervious
283,81,83,70,72,75,61,55,59,44,norm_impervious
284,31,38,22,40,49,30,37,46,27,shaded_pervious
285,34,36,25,36,40,25,41,46,29,shaded_pervious
286,15,21,11,35,41,30,42,49,35,shaded_pervious
287,46,55,38,44,53,39,40,48,36,norm_pervious
288,56,67,50,51,57,41,44,49,37,norm_pervious
289,66,70,55,47,55,39,40,48,34,norm_pervious
290,54,63,44,40,49,31,40,49,31,norm_pervious
291,36,46,21,48,55,35,47,54,35,norm_pervious
292,59,66,48,44,52,32,42,49,30,norm_pervious
293,107,98,83,104,97,80,84,80,65,dry_pervious
294,108,102,78,78,78,58,53,59,42,dry_pervious
295,25,38,20,36,45,28,34,43,26,shaded_pervious
296,38,28,28,65,49,42,79,59,50,shaded_pervious
297,41,34,37,50,41,37,64,55,45,norm_impervious
298,64,67,51,55,55,43,52,52,42,norm_pervious
299,32,32,28,36,36,32,53,55,43,shaded_pervious
300,28,28,34,39,41,35,53,57,44,shaded_pervious
301,32,28,38,36,38,33,55,59,46,shaded_pervious
302,26,26,32,40,37,35,52,50,42,norm_impervious
303,34,32,37,39,36,34,66,60,49,norm_impervious
304,28,28,28,36,34,32,54,52,43,norm_impervious
305,42,49,35,44,47,37,53,55,44,norm_pervious
306,85,96,66,57,65,48,42,47,36,norm_pervious
307,62,61,48,48,48,41,42,43,36,norm_pervious
308,64,67,46,54,56,42,49,51,40,norm_pervious
309,92,96,74,58,60,44,58,56,41,norm_pervious
310,41,40,37,47,46,37,59,61,46,shaded_pervious
311,77,88,61,60,64,50,40,43,35,norm_pervious
312,82,93,62,59,64,49,45,48,37,norm_pervious
313,81,85,73,54,57,43,48,51,39,norm_pervious
314,46,46,36,43,45,37,48,50,40,shaded_pervious
315,43,49,35,45,49,36,52,56,43,norm_pervious
316,80,86,63,54,59,45,45,49,38,norm_pervious
317,51,54,44,44,45,37,45,47,38,shaded_pervious
318,68,74,53,56,56,43,57,54,42,norm_pervious
319,77,87,47,52,55,42,49,49,39,norm_pervious
320,54,59,43,49,49,38,50,50,40,norm_pervious
321,77,87,47,52,55,42,49,49,39,norm_pervious
322,70,73,53,51,52,40,51,52,41,norm_pervious
323,78,84,72,51,57,47,41,46,37,norm_pervious
324,61,71,54,45,50,39,50,52,41,norm_pervious
325,72,83,54,57,60,43,58,56,42,norm_pervious
326,74,85,58,58,60,44,56,53,40,norm_pervious
327,95,98,73,70,72,54,53,54,40,norm_pervious
328,76,82,59,57,62,47,43,48,37,norm_pervious
329,37,40,34,35,36,33,50,53,43,shaded_pervious
330,28,28,29,39,41,34,54,57,45,shaded_pervious
331,73,84,54,57,64,47,46,50,39,norm_pervious
332,51,65,42,54,57,44,49,50,40,norm_pervious
333,69,84,60,57,63,47,48,49,40,norm_pervious
334,53,58,51,55,60,46,46,48,39,norm_pervious
335,72,79,58,49,54,42,45,49,40,norm_pervious
336,70,77,55,52,53,41,54,52,41,norm_pervious
337,94,99,70,84,89,61,52,55,36,norm_pervious
338,64,72,52,51,58,45,50,57,43,norm_pervious
339,85,96,66,59,67,49,41,46,35,norm_pervious
340,26,26,22,35,38,32,51,54,42,shaded_pervious
341,34,34,28,38,39,33,52,56,45,shaded_pervious
342,42,42,35,39,38,33,59,59,46,shaded_pervious
343,29,28,31,39,38,33,53,54,43,shaded_pervious
344,29,24,27,36,36,32,58,61,46,shaded_pervious
345,27,32,27,41,44,35,49,53,42,shaded_pervious
346,28,30,24,35,37,33,52,56,45,shaded_pervious
347,28,25,34,35,37,33,52,57,45,shaded_pervious
348,30,30,23,52,50,40,62,60,46,shaded_pervious
349,49,57,40,46,50,39,48,51,40,norm_pervious
350,126,112,86,120,106,77,113,88,66,tan_impervious
351,131,118,88,120,108,76,102,87,61,tan_impervious
352,129,117,86,120,104,75,103,86,60,tan_impervious
353,122,108,75,111,97,71,86,74,55,tan_impervious
354,129,116,90,120,103,78,102,83,61,tan_impervious
355,126,109,81,120,106,74,114,94,66,tan_impervious
356,132,114,89,134,111,84,117,92,63,tan_impervious
357,136,125,98,130,109,85,119,94,71,tan_impervious
358,131,114,87,125,103,75,116,88,62,tan_impervious
359,99,106,84,80,89,63,55,61,40,norm_pervious
360,124,110,76,85,79,56,62,60,44,dry_pervious
361,148,135,99,120,112,78,74,70,43,dry_pervious
362,87,97,66,59,61,48,51,50,40,norm_pervious
363,42,46,28,49,51,37,51,52,41,shaded_pervious
364,68,82,58,81,85,69,97,99,88,norm_pervious
365,53,87,55,66,80,61,71,80,65,norm_pervious
366,87,80,84,97,95,89,80,77,72,norm_impervious
367,108,104,102,103,98,96,95,87,86,norm_impervious
368,249,249,245,247,247,244,155,151,149,norm_impervious
369,133,127,125,119,113,111,82,76,74,norm_impervious
370,125,121,123,122,117,116,85,79,78,norm_impervious
371,222,219,216,223,219,217,164,160,157,norm_impervious
372,123,121,120,126,120,119,116,109,108,norm_impervious
373,141,133,126,135,128,122,103,99,96,norm_impervious
374,111,108,105,120,116,114,112,108,106,norm_impervious
375,101,101,96,103,98,96,89,83,82,norm_impervious
376,115,111,113,105,102,100,95,92,90,norm_impervious
377,118,104,105,118,106,102,112,102,100,norm_impervious
378,130,124,123,117,112,110,80,74,72,norm_impervious
379,127,121,119,122,117,116,83,77,76,norm_impervious
380,119,106,101,116,105,102,113,104,101,norm_impervious
381,119,104,101,116,104,101,112,103,100,norm_impervious
382,117,103,98,117,105,102,119,110,107,norm_impervious
383,112,99,94,117,104,101,111,100,97,norm_impervious
384,112,105,103,110,101,99,112,102,100,norm_impervious
385,114,101,96,116,105,101,113,104,101,norm_impervious
386,119,106,101,117,105,100,114,103,99,norm_impervious
387,118,105,100,115,102,97,122,110,105,norm_impervious
388,123,110,106,121,108,103,126,113,108,norm_impervious
389,74,80,60,82,86,71,90,92,81,norm_pervious
390,81,89,77,79,84,73,106,105,96,norm_pervious
391,71,85,71,80,85,74,110,108,100,norm_pervious
392,144,125,151,142,123,146,126,110,126,norm_impervious
393,120,102,128,127,110,129,119,106,112,norm_impervious
394,138,122,136,125,111,122,105,91,98,norm_impervious
395,114,101,114,121,108,118,98,86,90,norm_impervious
396,152,128,155,140,122,139,130,115,127,norm_impervious
397,136,112,140,124,107,128,115,100,112,norm_impervious
398,156,138,158,148,129,151,128,111,129,norm_impervious
399,147,125,148,143,125,143,127,112,123,norm_impervious
400,126,109,130,129,110,133,119,103,115,norm_impervious
401,117,99,125,124,107,128,119,105,116,norm_impervious
402,142,118,146,131,113,134,120,106,115,norm_impervious
403,132,116,131,123,110,120,108,95,100,norm_impervious
404,116,97,122,117,104,115,120,109,112,norm_impervious
405,134,119,134,126,112,124,108,94,102,norm_impervious
406,155,136,161,146,127,150,132,114,133,norm_impervious
407,124,105,135,132,114,133,116,104,108,norm_impervious
408,82,93,71,82,87,69,120,114,105,norm_pervious
409,72,83,62,83,87,69,117,111,101,norm_pervious
410,62,91,65,53,69,50,57,68,52,norm_pervious
411,51,73,47,51,67,48,54,67,50,norm_pervious
412,44,75,50,40,58,39,66,74,59,norm_pervious
413,27,52,30,40,55,37,65,72,58,shaded_pervious
414,28,30,20,36,53,34,56,69,51,shaded_pervious
415,54,84,59,50,68,48,62,66,52,norm_pervious
416,116,99,90,124,108,98,123,107,97,tan_impervious
417,158,138,125,167,143,132,133,112,101,tan_impervious
418,118,86,75,113,94,86,110,97,89,tan_impervious
419,100,73,66,109,86,77,113,94,86,tan_impervious
420,143,120,111,130,110,100,113,95,85,tan_impervious
421,144,129,115,136,119,108,117,100,90,tan_impervious
422,115,92,83,115,93,84,110,93,85,tan_impervious
423,97,76,68,111,89,80,110,90,80,tan_impervious
424,102,81,73,112,93,86,110,93,85,tan_impervious
425,119,104,100,107,97,91,104,97,89,norm_impervious
426,107,98,92,104,96,88,104,99,90,norm_impervious
427,115,102,99,116,105,101,111,102,99,norm_impervious
428,116,92,97,111,101,100,113,108,106,norm_impervious
429,120,100,103,108,101,98,105,101,99,norm_impervious
430,82,73,70,90,80,79,116,107,105,norm_impervious
431,85,76,75,90,80,79,107,99,97,norm_impervious
432,205,201,197,207,203,199,163,159,154,norm_impervious
433,198,190,187,203,197,194,156,150,147,norm_impervious
434,65,59,55,72,66,63,103,96,93,norm_impervious
435,52,44,43,72,63,62,110,101,99,norm_impervious
436,53,44,43,69,62,60,104,96,94,norm_impervious
437,57,52,48,74,68,65,105,98,95,norm_impervious
438,168,159,158,153,145,144,113,106,104,norm_impervious
439,183,178,173,170,163,160,123,114,111,norm_impervious
440,105,100,96,98,97,91,74,75,66,norm_impervious
441,98,94,84,104,103,93,106,106,95,norm_impervious
442,112,97,93,106,97,91,97,89,85,norm_impervious
443,109,106,101,101,97,91,96,91,85,norm_impervious
444,86,73,68,97,87,82,98,89,84,norm_impervious
445,115,107,97,106,96,90,104,94,88,norm_impervious
446,118,110,100,110,101,94,106,97,91,norm_impervious
447,138,132,129,132,125,121,120,113,110,norm_impervious
448,112,105,103,101,98,95,57,59,59,norm_impervious
449,106,93,94,92,82,83,98,89,90,norm_impervious
450,125,116,112,115,108,105,87,82,78,norm_impervious
451,122,112,110,112,105,102,82,77,74,norm_impervious
452,89,94,93,91,95,94,69,74,72,norm_impervious
453,92,94,93,95,96,93,61,63,63,norm_impervious
454,100,98,98,100,96,95,83,78,77,norm_impervious
455,71,64,66,73,67,68,80,73,74,norm_impervious
456,107,104,101,100,96,95,88,83,82,norm_impervious
457,103,98,102,103,98,97,94,89,87,norm_impervious
458,90,86,86,96,92,91,84,80,79,norm_impervious
459,160,143,138,144,131,126,117,107,103,norm_impervious
460,80,70,66,110,93,90,148,135,130,norm_impervious
461,113,103,100,113,103,99,110,102,99,norm_impervious
462,75,67,64,83,77,74,98,90,87,norm_impervious
463,78,73,71,81,75,72,101,94,90,norm_impervious
464,70,80,58,78,83,66,95,97,85,norm_pervious
465,67,72,59,77,82,65,95,97,86,norm_pervious
466,67,76,54,78,83,66,93,95,84,norm_pervious
467,105,102,94,109,106,98,93,89,82,norm_impervious
468,128,125,121,105,102,97,81,78,74,norm_impervious
469,126,119,110,118,114,105,102,100,91,norm_impervious
470,122,128,114,99,102,90,89,92,80,norm_impervious
471,123,129,115,104,108,96,88,92,80,norm_impervious
472,82,88,75,76,82,65,90,93,81,norm_impervious
473,97,103,88,78,82,65,78,82,66,norm_impervious
474,126,124,112,105,103,92,81,79,70,norm_impervious
475,206,198,191,221,213,208,152,145,140,norm_impervious
476,179,173,165,180,173,166,103,96,89,norm_impervious
477,107,101,94,114,108,101,80,75,67,norm_impervious
478,105,102,100,98,94,91,64,60,55,norm_impervious
479,95,93,81,89,87,77,91,88,79,norm_impervious
480,139,134,148,139,132,145,100,95,101,norm_impervious
481,200,199,190,200,201,191,142,143,133,norm_impervious
482,108,106,97,95,94,84,77,77,67,norm_impervious
483,97,99,87,81,82,71,74,74,64,norm_impervious
484,75,76,65,86,86,75,74,75,65,norm_impervious
485,112,109,107,101,95,94,106,99,98,norm_impervious
486,185,178,177,175,168,166,122,113,111,norm_impervious
487,171,162,150,175,166,155,172,163,153,norm_impervious
488,124,110,109,116,107,104,135,127,124,norm_impervious
489,104,99,96,115,106,103,129,121,118,norm_impervious
490,90,81,78,111,102,99,108,99,96,norm_impervious
491,175,170,166,168,163,158,116,111,107,norm_impervious
492,73,67,65,92,86,83,98,91,89,norm_impervious
493,80,71,69,80,74,71,97,90,87,norm_impervious
494,76,82,71,79,84,73,105,104,96,norm_pervious
495,75,83,71,78,83,73,109,108,101,norm_pervious
496,74,81,69,80,86,74,103,102,94,norm_pervious
497,70,80,67,80,85,74,102,102,94,norm_pervious
498,75,80,69,80,84,74,104,103,95,norm_pervious
499,48,62,48,68,79,64,83,91,77,norm_pervious
500,48,78,51,58,72,53,62,72,56,norm_pervious
501,73,94,72,60,74,55,60,70,54,norm_pervious
502,30,60,36,46,62,44,58,69,52,norm_pervious
503,55,93,58,60,79,57,74,81,66,norm_pervious
504,44,76,45,59,79,55,70,80,63,norm_pervious
505,35,50,31,43,58,39,63,73,56,norm_pervious
506,238,233,229,241,232,230,188,179,176,norm_impervious
507,242,238,234,242,239,235,198,192,189,norm_impervious
508,78,65,60,108,97,92,130,118,115,norm_impervious
509,239,230,227,231,223,220,170,163,160,norm_impervious
510,242,232,230,230,222,219,172,165,161,norm_impervious
511,204,202,199,203,200,196,161,157,152,norm_impervious
512,175,172,169,182,179,176,183,179,176,norm_impervious
513,133,123,117,129,122,116,125,118,112,norm_impervious
514,123,113,105,125,113,106,120,108,102,norm_impervious
515,136,125,123,130,119,117,113,102,101,norm_impervious
516,87,78,76,95,86,83,117,108,105,norm_impervious
517,254,247,244,246,239,236,186,178,175,norm_impervious
518,149,139,137,143,133,130,143,132,130,norm_impervious
519,128,119,118,139,131,130,128,120,119,norm_impervious
520,73,44,24,73,50,38,88,66,52,dry_pervious
521,111,107,82,103,94,69,90,79,55,norm_pervious
522,125,92,69,105,82,64,91,70,55,dry_pervious
523,85,63,52,88,68,54,95,74,59,dry_pervious
524,131,112,88,111,87,69,104,78,60,dry_pervious
525,143,112,78,105,82,63,82,65,52,dry_pervious
526,101,84,67,97,75,59,94,72,57,dry_pervious
527,121,91,72,103,82,66,78,67,52,dry_pervious
528,146,120,95,124,96,73,112,87,66,dry_pervious
529,141,114,92,118,92,73,105,81,64,dry_pervious
530,132,104,78,116,90,70,111,84,65,dry_pervious
531,139,106,84,134,100,78,111,83,64,dry_pervious
532,107,71,48,120,92,67,109,84,65,dry_pervious
533,87,95,70,86,82,58,83,81,58,norm_pervious
534,70,68,44,85,80,57,88,84,61,norm_pervious
535,39,38,36,56,51,42,75,68,53,shaded_pervious
536,116,100,70,124,106,79,123,106,81,dry_pervious
537,125,113,81,124,107,78,113,98,72,dry_pervious
538,120,105,77,107,94,72,83,72,55,dry_pervious
539,138,117,94,137,114,90,129,108,83,dry_pervious
540,111,99,76,119,106,78,113,99,73,dry_pervious
541,127,119,93,100,94,71,82,78,59,dry_pervious
542,66,65,56,77,77,62,83,84,66,norm_pervious
543,105,100,66,130,120,88,125,114,84,norm_pervious
544,113,113,81,108,103,75,99,90,65,norm_pervious
545,130,111,86,126,107,81,120,102,76,dry_pervious
546,123,104,77,114,98,72,100,87,65,dry_pervious
547,92,75,66,76,59,50,78,60,50,dry_pervious
548,98,76,61,91,70,57,86,66,54,dry_pervious
549,133,115,81,124,110,81,104,94,66,dry_pervious
550,133,117,86,118,100,75,100,85,64,dry_pervious
551,142,120,94,135,115,89,123,106,78,dry_pervious
552,102,82,53,114,99,71,126,111,83,dry_pervious
553,95,99,71,91,89,67,80,75,57,norm_pervious
554,51,53,29,76,73,52,83,79,57,norm_pervious
555,41,35,33,48,43,37,76,68,54,shaded_pervious
556,71,73,58,77,68,56,79,67,55,norm_pervious
557,83,75,56,74,64,52,81,70,58,norm_pervious
558,75,62,54,74,63,54,75,64,54,dry_pervious
559,59,51,41,63,54,46,76,66,57,shaded_pervious
560,44,47,36,62,56,48,77,67,55,shaded_pervious
561,50,47,43,65,60,52,73,66,56,shaded_pervious
562,34,32,29,60,56,49,72,67,57,shaded_pervious
563,97,85,60,90,79,58,77,67,51,dry_pervious
564,71,64,38,84,75,49,96,85,61,norm_pervious
565,90,75,68,76,60,52,81,66,56,dry_pervious
566,139,100,77,120,89,71,108,80,63,dry_pervious
567,123,90,77,113,84,68,101,76,61,dry_pervious
568,131,96,68,129,97,74,113,86,68,dry_pervious
569,161,118,92,137,105,83,109,83,64,dry_pervious
570,120,92,74,102,80,65,98,79,65,dry_pervious
571,83,61,49,84,62,53,85,63,52,dry_pervious
572,41,28,28,62,44,39,80,58,49,shaded_pervious
573,39,28,34,65,48,42,82,60,50,shaded_pervious
574,100,80,72,86,63,53,85,61,49,dry_pervious
575,143,111,90,137,103,81,81,56,43,dry_pervious
576,141,107,74,97,76,59,83,66,53,dry_pervious
577,115,93,77,112,88,65,86,68,54,dry_pervious
578,56,45,30,66,51,42,83,64,53,shaded_pervious
579,83,69,38,80,65,48,85,68,52,norm_pervious
580,93,75,49,99,82,55,91,75,53,norm_pervious
581,75,74,47,70,66,45,80,69,51,norm_pervious
582,79,78,56,71,66,48,75,66,48,norm_pervious
583,101,110,69,120,112,81,117,106,78,norm_pervious
584,82,86,57,89,86,61,90,85,61,norm_pervious
585,115,110,64,100,88,61,91,78,57,norm_pervious
586,112,113,63,109,104,68,85,71,51,norm_pervious
587,130,111,72,107,86,60,102,81,61,norm_pervious
588,125,114,77,113,95,60,102,83,53,norm_pervious
589,99,79,57,87,65,53,91,66,53,norm_pervious
590,132,121,83,119,109,79,73,62,46,norm_pervious
591,78,82,57,83,83,60,83,82,59,norm_pervious
592,102,110,93,80,85,68,68,70,53,norm_pervious
593,40,35,31,49,41,37,74,61,50,shaded_pervious
594,50,43,42,52,43,39,71,59,46,shaded_pervious
595,42,36,35,54,48,39,81,70,56,shaded_pervious
596,46,36,31,67,50,43,82,62,52,shaded_pervious
597,154,117,99,137,99,80,107,74,58,norm_pervious
598,57,53,50,62,51,46,67,54,48,shaded_pervious
599,43,39,35,57,48,40,85,71,57,shaded_pervious
600,44,36,36,57,51,41,79,71,54,shaded_pervious
601,84,83,63,77,71,52,88,77,60,shaded_pervious
602,126,108,75,122,102,76,119,102,76,dry_pervious
603,107,88,65,125,109,81,110,99,72,dry_pervious
604,93,94,78,74,75,62,61,63,55,dry_pervious
605,76,70,56,78,77,63,70,69,57,dry_pervious
606,76,80,63,70,73,60,69,71,62,norm_pervious
607,97,93,81,88,86,74,71,70,60,norm_impervious
608,91,89,77,99,97,84,64,65,54,norm_impervious
609,68,69,55,68,68,55,90,91,80,norm_impervious
610,85,86,80,96,97,89,84,84,76,norm_impervious
611,102,101,83,95,93,78,69,68,58,norm_impervious
612,103,101,78,115,111,93,78,74,62,norm_impervious
613,134,140,130,111,122,117,84,92,89,norm_impervious
614,137,143,141,142,148,143,104,109,103,norm_impervious
615,126,136,138,125,135,137,94,96,97,norm_impervious
616,130,140,142,126,135,137,95,94,95,norm_impervious
617,97,107,108,102,114,114,89,97,96,norm_impervious
618,98,113,110,110,120,117,76,82,79,norm_impervious
619,121,132,134,132,137,133,108,114,107,norm_impervious
620,109,119,120,97,107,108,93,102,103,norm_impervious
621,96,106,108,101,111,112,88,96,94,norm_impervious
622,192,202,203,206,216,217,201,208,208,norm_impervious
623,253,253,253,248,248,248,219,220,219,norm_impervious
624,249,255,255,246,249,249,187,188,187,norm_impervious
625,248,252,255,248,250,250,188,189,188,norm_impervious
626,245,251,251,245,249,249,197,198,198,norm_impervious
627,227,238,244,226,234,227,185,189,180,norm_impervious
628,134,145,141,130,140,136,180,188,184,norm_impervious
629,208,220,216,208,220,216,189,199,194,norm_impervious
630,243,249,247,227,237,234,158,163,160,norm_impervious
631,222,234,230,226,236,232,152,157,153,norm_impervious
632,209,215,213,208,215,215,130,136,134,norm_impervious
633,115,117,116,110,112,110,67,71,69,norm_impervious
634,83,90,72,77,84,71,78,84,78,norm_pervious
635,89,99,90,86,95,89,71,77,76,norm_impervious
636,92,97,100,78,83,81,68,73,68,norm_impervious
637,108,113,106,100,104,100,65,69,65,norm_impervious
638,60,63,68,55,59,57,78,82,77,norm_impervious
639,87,93,93,83,89,86,54,60,57,norm_impervious
640,81,86,80,87,93,92,49,55,52,norm_impervious
641,139,150,134,140,144,130,91,94,90,norm_impervious
642,74,78,81,79,83,84,77,82,78,norm_impervious
643,55,58,63,55,59,62,66,70,69,norm_impervious
644,60,61,66,55,59,62,65,70,68,norm_impervious
645,46,51,55,54,57,61,71,67,67,norm_impervious
646,66,69,78,59,62,67,85,71,74,norm_impervious
647,220,225,219,228,235,228,190,195,187,norm_impervious
648,86,92,90,81,85,77,77,80,70,norm_impervious
649,207,220,228,226,235,240,159,164,164,norm_impervious
650,81,86,80,76,80,73,74,76,69,norm_impervious
651,40,60,35,41,54,33,44,54,36,norm_pervious
652,36,50,25,43,56,35,41,50,34,norm_pervious
653,32,46,23,41,55,33,42,54,34,norm_pervious
654,22,28,16,32,41,27,37,47,32,shaded_pervious
655,28,34,22,32,40,27,37,46,31,shaded_pervious
656,16,26,17,28,35,25,36,45,32,shaded_pervious
657,22,23,18,31,37,27,37,47,32,shaded_pervious
658,22,22,14,27,31,23,38,46,33,shaded_pervious
659,27,32,25,24,31,21,38,48,33,shaded_pervious
660,27,37,28,26,35,23,33,41,28,shaded_pervious
661,38,44,34,31,39,27,34,41,29,shaded_pervious
662,43,54,37,38,49,31,39,48,31,norm_pervious
663,56,68,48,50,59,42,41,48,35,norm_pervious
664,31,44,27,37,47,32,36,45,31,norm_pervious
665,22,33,17,46,51,36,46,50,36,norm_pervious
666,112,105,87,103,96,79,66,66,51,dry_pervious
667,98,91,73,100,93,77,70,68,55,dry_pervious
668,125,112,95,111,101,85,75,72,58,dry_pervious
669,90,85,66,95,89,72,66,67,51,dry_pervious
670,91,85,69,82,80,64,56,58,44,dry_pervious
671,111,105,89,106,98,81,77,75,59,dry_pervious
672,118,111,93,112,102,86,72,71,56,dry_pervious
673,42,60,34,46,53,37,52,57,42,norm_pervious
674,100,102,97,83,88,80,63,69,60,norm_impervious
675,103,105,100,85,88,80,65,69,60,norm_impervious
676,39,51,37,35,47,31,40,42,30,norm_pervious
677,24,32,19,39,49,32,40,49,32,shaded_pervious
678,53,62,45,42,51,33,42,50,33,norm_pervious
679,54,65,49,43,54,36,37,46,30,norm_pervious
680,53,67,44,44,54,37,42,49,34,norm_pervious
681,53,69,43,37,50,30,43,54,35,norm_pervious
682,22,34,20,33,39,27,40,45,33,shaded_pervious
683,45,59,36,39,51,32,41,52,34,norm_pervious
684,79,80,72,79,81,75,70,73,66,norm_impervious
685,72,76,77,77,80,75,73,75,69,norm_impervious
686,97,98,92,81,82,76,78,79,74,norm_impervious
687,78,83,77,78,81,75,68,73,61,norm_impervious
688,162,176,177,164,171,174,104,106,104,norm_impervious
689,162,171,170,161,169,170,105,110,107,norm_impervious
690,165,176,178,162,169,172,98,101,99,norm_impervious
691,73,76,59,83,80,66,85,75,62,norm_pervious
692,125,116,101,89,85,72,83,80,67,dry_pervious
693,73,74,56,81,79,65,86,71,59,norm_pervious
694,30,38,27,29,34,24,34,40,28,shaded_pervious
695,38,49,35,31,42,27,33,43,27,shaded_pervious
696,34,45,28,37,49,31,38,49,33,norm_pervious
697,55,67,47,45,57,37,47,56,40,norm_pervious
698,36,54,30,37,46,31,41,46,35,norm_pervious
699,45,63,37,44,55,35,41,50,34,norm_pervious
700,20,34,19,33,45,29,36,46,31,shaded_pervious
701,86,83,64,70,66,50,50,52,39,dry_pervious
702,120,113,95,110,102,86,83,80,64,dry_pervious
703,130,114,98,101,93,77,60,61,47,dry_pervious
704,125,116,99,111,102,85,73,72,57,dry_pervious
705,27,39,19,32,42,26,36,47,29,shaded_pervious
706,57,71,45,40,52,33,34,45,28,norm_pervious
707,78,74,63,69,70,56,55,59,46,dry_pervious
708,46,60,43,55,63,48,58,62,50,norm_pervious
709,55,68,59,59,69,57,114,97,83,norm_pervious
710,64,74,65,59,69,57,120,100,86,norm_pervious
711,68,83,62,63,75,57,45,52,39,norm_pervious
712,46,54,39,35,46,30,36,45,30,norm_pervious
713,49,64,43,40,53,35,38,50,33,norm_pervious
714,37,56,28,43,55,34,39,50,32,norm_pervious
715,68,69,61,80,80,67,66,65,53,norm_impervious
716,44,58,33,44,56,36,39,50,33,norm_pervious
717,20,27,19,38,48,34,38,47,33,shaded_pervious
718,42,60,38,38,49,33,36,46,31,norm_pervious
719,42,54,34,36,48,30,41,50,35,norm_pervious
720,36,51,30,38,48,32,37,44,33,norm_pervious
721,39,53,36,37,48,32,34,44,29,norm_pervious
722,52,65,45,42,55,36,39,51,33,norm_pervious
723,47,67,40,45,55,36,42,50,33,norm_pervious
724,44,57,37,43,55,35,39,47,30,norm_pervious
725,44,57,31,43,55,34,38,48,31,norm_pervious
726,36,49,32,37,49,32,35,45,29,norm_pervious
727,18,29,12,38,48,33,35,45,29,shaded_pervious
728,22,25,18,29,33,24,40,46,33,shaded_pervious
729,55,64,47,43,52,35,40,45,31,norm_pervious
730,71,79,66,43,52,36,38,45,33,norm_pervious
731,48,60,38,45,56,38,41,49,35,norm_pervious
732,32,47,28,36,49,31,38,48,32,norm_pervious
733,39,54,31,40,48,33,42,50,36,norm_pervious
734,253,254,249,250,251,249,126,128,124,norm_impervious
735,252,254,251,250,251,249,129,131,127,norm_impervious
736,167,177,178,166,172,176,128,130,128,norm_impervious
737,113,118,114,110,115,108,124,128,125,norm_impervious
738,140,150,151,136,144,140,111,112,105,norm_impervious
739,43,49,45,55,62,52,113,118,112,shaded_pervious
740,128,121,95,134,122,95,77,75,58,dry_pervious
741,69,80,63,72,76,63,88,88,75,norm_pervious
742,54,68,45,44,54,38,43,50,36,norm_pervious
743,44,56,34,37,49,32,37,48,31,norm_pervious
744,83,88,81,81,84,74,65,69,57,norm_impervious
745,67,72,65,61,66,57,63,68,58,norm_impervious
746,96,99,88,85,89,75,77,79,67,norm_impervious
747,89,90,74,85,88,73,68,73,59,norm_impervious
748,109,113,99,110,114,100,78,80,69,norm_impervious
749,92,93,79,92,94,81,85,88,73,norm_impervious
750,94,96,85,93,94,84,82,84,72,norm_impervious
751,88,89,75,84,88,76,69,73,60,norm_impervious
752,71,74,57,72,74,60,67,71,60,norm_impervious
753,76,77,72,74,74,64,66,68,56,norm_impervious
754,134,127,98,122,118,94,89,89,72,dry_pervious
755,86,89,78,83,88,72,67,69,56,dry_pervious
756,45,58,40,36,47,31,34,43,29,norm_pervious
757,71,84,67,64,75,57,48,55,41,norm_pervious
758,59,74,53,61,73,55,44,52,38,norm_pervious
759,68,81,64,64,75,57,47,54,40,norm_pervious
760,59,70,54,65,76,58,45,51,39,norm_pervious
761,19,20,14,23,26,18,36,45,30,shaded_pervious
762,42,56,31,43,55,36,43,52,35,norm_pervious
763,82,88,74,84,89,73,66,69,56,norm_pervious
764,29,43,26,39,50,33,36,46,31,norm_pervious
765,55,65,41,47,57,38,42,51,33,norm_pervious
766,80,71,56,66,68,47,54,57,41,dry_pervious
767,90,82,61,69,71,51,53,57,40,dry_pervious
768,71,60,40,61,65,44,52,55,38,dry_pervious
769,74,69,50,63,68,49,55,59,42,dry_pervious
770,83,78,58,70,73,53,54,59,41,dry_pervious
771,60,57,42,57,59,41,51,55,39,dry_pervious
772,95,79,56,93,78,61,61,56,37,dry_pervious
773,41,59,35,42,52,35,38,45,31,norm_pervious
774,51,62,46,42,51,36,42,49,35,norm_pervious
775,39,45,35,44,48,35,50,55,40,norm_pervious
776,50,61,44,40,46,34,42,47,35,norm_pervious
777,52,68,42,46,58,38,42,51,34,norm_pervious
778,61,73,51,47,57,39,44,50,37,norm_pervious
779,43,56,38,38,49,32,36,46,31,norm_pervious
780,38,49,32,36,47,31,34,44,29,norm_pervious
781,29,42,22,39,51,33,37,47,31,norm_pervious
782,42,54,34,39,50,32,36,45,29,norm_pervious
783,45,57,35,41,55,33,36,47,30,norm_pervious
784,66,76,52,65,67,47,55,58,42,norm_pervious
785,34,40,26,37,45,29,40,49,32,shaded_pervious
786,58,60,47,56,63,45,48,55,39,norm_pervious
787,58,72,49,49,58,40,40,47,33,norm_pervious
788,46,60,37,43,55,36,39,50,33,norm_pervious
789,52,64,42,44,57,36,42,54,34,norm_pervious
790,62,76,50,44,57,37,42,52,34,norm_pervious
791,43,56,38,43,54,36,46,51,36,norm_pervious
792,44,53,32,41,51,34,41,50,33,norm_pervious
793,20,28,15,38,49,32,40,51,33,shaded_pervious
794,54,68,45,40,51,32,39,48,32,norm_pervious
795,73,72,51,69,69,53,54,57,43,dry_pervious
796,69,72,53,52,53,41,44,48,36,dry_pervious
797,115,120,116,123,128,120,105,109,101,norm_impervious
798,139,146,138,127,132,126,103,108,101,norm_impervious
799,128,130,125,126,131,125,99,103,95,norm_impervious
800,103,103,93,99,100,91,64,65,58,norm_impervious
801,198,209,211,201,212,215,123,130,129,norm_impervious
802,152,167,174,150,164,172,190,201,205,norm_impervious
803,195,208,214,201,212,218,113,121,117,norm_impervious
804,125,134,131,125,131,125,91,94,86,norm_impervious
805,105,111,107,114,123,120,114,121,117,norm_impervious
806,124,135,119,127,133,125,95,99,91,norm_impervious
807,124,132,121,125,131,122,96,100,93,norm_impervious
808,119,126,119,124,130,122,105,109,101,norm_impervious
809,42,53,37,39,49,33,36,44,31,norm_pervious
810,37,48,34,37,47,31,37,47,30,norm_pervious
811,38,53,34,33,43,28,32,41,27,norm_pervious
812,106,112,102,98,102,92,71,73,64,norm_impervious
813,107,105,92,105,106,94,56,57,48,norm_impervious
814,90,91,83,77,79,69,43,44,37,norm_impervious
815,94,96,85,85,87,77,56,57,49,norm_impervious
816,17,24,17,30,34,27,40,42,35,shaded_pervious
817,26,32,22,31,34,28,37,39,33,shaded_pervious
818,27,40,23,31,39,27,41,47,38,norm_pervious
819,40,51,34,40,51,32,40,50,33,norm_pervious
820,38,47,30,41,51,34,41,50,33,norm_pervious
821,38,44,30,38,46,31,37,44,30,norm_pervious
822,21,33,13,35,43,28,37,45,30,norm_pervious
823,42,51,34,43,51,35,39,46,32,norm_pervious
824,54,63,42,45,55,36,42,51,34,norm_pervious
825,33,44,30,33,42,29,34,43,29,norm_pervious
826,26,36,27,30,36,27,36,41,33,norm_pervious
827,25,35,24,30,36,27,37,41,34,norm_pervious
828,37,50,32,40,45,37,48,52,45,norm_pervious
829,39,53,36,38,44,31,36,41,30,norm_pervious
830,32,37,33,25,29,30,39,36,32,norm_pervious
831,40,47,39,36,40,36,52,54,50,norm_pervious
832,39,51,29,43,53,34,41,52,33,norm_pervious
833,43,52,33,36,45,29,42,49,34,norm_pervious
834,44,59,36,42,50,32,49,55,38,norm_pervious
835,42,56,33,37,49,31,36,47,30,norm_pervious
836,37,39,28,40,50,33,40,50,33,norm_pervious
837,33,41,26,36,44,30,35,44,30,norm_pervious
838,36,47,31,37,46,30,39,48,32,norm_pervious
839,41,58,39,41,53,35,40,51,33,norm_pervious
840,53,61,46,39,47,32,35,41,29,norm_pervious
841,46,59,39,45,55,37,44,53,35,norm_pervious
842,45,61,35,40,50,32,38,48,31,norm_pervious
843,53,68,45,40,52,34,37,48,30,norm_pervious
844,48,57,38,45,54,35,40,50,33,norm_pervious
845,58,71,51,46,56,37,39,48,31,norm_pervious
846,47,61,38,42,52,33,40,49,31,norm_pervious
847,38,50,30,43,53,34,40,50,32,norm_pervious
848,57,66,47,46,55,37,40,50,32,norm_pervious
849,34,45,29,35,42,29,38,42,32,norm_pervious
850,35,41,27,42,50,35,42,51,35,norm_pervious
851,57,71,54,35,44,32,33,41,29,norm_pervious
852,45,56,40,37,43,31,40,45,35,norm_pervious
853,25,36,19,35,45,31,36,44,31,shaded_pervious
854,40,54,37,37,48,32,37,46,31,norm_pervious
855,24,29,22,35,41,31,41,46,36,shaded_pervious
856,47,59,35,37,40,31,36,43,29,norm_pervious
857,40,53,33,37,43,30,38,43,32,norm_pervious
858,26,41,18,39,46,31,39,45,32,norm_pervious
859,20,34,21,34,40,29,37,42,32,shaded_pervious
860,53,65,45,43,53,34,39,48,31,norm_pervious
861,39,52,32,41,51,32,38,48,30,norm_pervious
862,56,70,44,43,53,34,40,50,32,norm_pervious
863,47,56,35,39,50,32,38,49,31,norm_pervious
864,50,63,43,39,50,32,37,47,30,norm_pervious
865,63,73,48,43,53,34,40,49,32,norm_pervious
866,61,74,48,44,54,35,40,50,32,norm_pervious
867,53,63,39,42,52,34,40,50,33,norm_pervious
868,60,58,46,66,67,52,55,58,44,dry_pervious
869,76,75,55,70,71,55,51,55,41,dry_pervious
870,81,83,78,67,67,54,52,54,42,norm_impervious
871,74,75,69,64,66,52,49,54,41,norm_impervious
872,57,57,55,51,53,49,48,50,46,norm_impervious
873,66,69,52,56,58,46,38,42,33,norm_impervious
874,66,69,58,57,59,49,37,39,32,norm_impervious
875,62,62,64,47,50,44,50,53,46,norm_impervious
876,65,71,59,45,51,40,42,46,36,norm_impervious
877,65,67,64,47,50,45,43,46,39,norm_impervious
878,105,106,90,105,105,92,68,64,59,norm_impervious
879,102,103,95,95,96,89,72,74,68,norm_impervious
880,89,91,77,97,98,86,67,67,59,norm_impervious
881,50,54,57,44,46,43,42,45,40,norm_impervious
882,48,53,49,42,46,41,37,41,35,norm_impervious
883,60,61,56,53,55,50,47,49,44,norm_impervious
884,53,58,54,49,53,47,45,48,42,norm_impervious
885,62,65,58,43,48,40,40,46,37,norm_impervious
886,55,58,51,50,53,48,48,50,46,norm_impervious
887,59,60,62,54,55,55,58,60,57,norm_impervious
888,52,51,57,53,53,54,58,59,57,norm_impervious
889,53,58,52,37,40,35,38,42,36,norm_impervious
890,30,36,24,35,40,32,41,45,39,shaded_pervious
891,33,39,29,37,40,34,37,40,35,shaded_pervious
892,38,51,33,34,43,29,34,42,29,norm_pervious
893,28,38,27,31,37,28,33,39,30,shaded_pervious
894,34,43,22,33,42,28,33,41,28,norm_pervious
895,69,63,51,54,54,42,41,45,34,dry_pervious
896,53,54,38,48,51,38,41,46,34,dry_pervious
897,88,87,69,75,70,57,53,52,41,dry_pervious
898,65,52,46,43,44,34,44,48,36,dry_pervious
899,65,59,47,50,51,38,40,45,32,dry_pervious
900,67,61,45,49,50,37,42,44,32,dry_pervious
901,61,55,41,47,48,36,39,43,32,dry_pervious
902,66,62,53,48,49,36,41,45,33,dry_pervious
903,76,75,55,69,70,55,52,55,42,dry_pervious
904,75,77,55,67,68,52,48,52,39,dry_pervious
905,72,66,50,51,52,39,42,45,32,dry_pervious
906,54,52,39,46,48,36,40,44,32,dry_pervious
907,56,54,41,51,51,38,40,43,32,dry_pervious
908,38,53,34,37,46,31,38,46,32,norm_pervious
909,39,48,31,37,48,30,39,50,32,norm_pervious
910,35,46,30,33,43,29,33,41,28,norm_pervious
911,29,40,24,33,43,28,33,41,28,norm_pervious
912,45,51,37,35,44,30,34,41,28,norm_pervious
913,97,103,93,103,104,95,72,73,65,norm_impervious
914,101,105,91,83,87,77,83,87,77,norm_impervious
915,103,104,96,97,99,91,75,78,71,norm_impervious
916,111,111,101,95,97,89,69,70,64,norm_impervious
917,101,104,93,96,97,88,61,62,55,norm_impervious
918,64,66,61,46,52,41,42,46,37,norm_impervious
919,42,53,36,42,46,38,42,45,38,norm_pervious
920,39,46,30,41,45,35,46,49,40,shaded_pervious
921,40,48,35,40,44,35,49,51,43,norm_pervious
922,49,55,41,42,46,36,45,48,40,norm_pervious
923,34,45,28,35,38,29,43,47,37,norm_pervious
924,28,40,28,35,38,29,46,49,38,norm_pervious
925,38,49,32,35,39,30,42,47,35,norm_pervious
926,31,42,25,35,39,30,42,47,36,norm_pervious
927,25,36,22,31,39,27,37,44,32,norm_pervious
928,42,55,29,36,40,30,37,44,31,norm_pervious
929,31,45,28,35,43,29,37,44,31,norm_pervious
930,40,51,34,36,44,30,38,44,32,norm_pervious
931,32,45,28,30,38,26,39,45,34,norm_pervious
932,22,32,21,29,38,25,33,41,29,shaded_pervious
933,40,51,35,29,38,25,36,43,31,norm_pervious
934,26,32,18,31,39,26,37,44,32,shaded_pervious
935,28,41,23,36,43,30,40,46,34,norm_pervious
936,41,52,38,35,42,31,41,47,37,norm_pervious
937,50,62,42,34,41,32,45,50,42,norm_pervious
938,43,55,35,39,46,35,40,46,36,norm_pervious
939,25,36,22,33,40,30,42,47,39,norm_pervious
940,63,73,48,43,53,34,40,49,32,norm_pervious
941,32,47,26,39,47,31,45,51,36,norm_pervious
942,25,31,19,34,42,28,37,46,31,shaded_pervious
943,71,68,49,55,60,43,41,49,33,dry_pervious
944,80,77,60,55,59,42,43,50,34,dry_pervious
945,72,66,50,54,58,42,42,50,34,dry_pervious
946,76,74,53,52,57,41,41,49,33,dry_pervious
947,78,73,53,55,60,43,40,48,32,dry_pervious
948,70,64,48,53,58,41,42,50,34,dry_pervious
949,76,75,57,47,54,37,42,51,34,dry_pervious
950,35,45,34,34,43,29,34,42,29,shaded_pervious
951,75,69,57,54,55,42,42,45,34,dry_pervious
952,39,52,32,37,44,32,38,45,32,norm_pervious
953,37,48,31,36,44,31,39,46,33,norm_pervious
954,43,51,38,34,41,30,37,43,31,norm_pervious
955,45,55,44,34,41,29,35,43,30,norm_pervious
956,39,50,33,39,47,33,38,46,32,norm_pervious
957,37,44,28,37,46,32,36,45,31,norm_pervious
958,55,54,49,41,45,33,41,45,34,dry_pervious
959,57,57,55,52,54,48,44,47,40,norm_impervious
960,57,60,53,48,51,45,49,51,45,norm_impervious
961,61,62,54,51,54,45,45,47,40,norm_impervious
962,67,67,65,63,64,61,50,50,48,norm_impervious
963,64,64,66,62,63,61,47,48,45,norm_impervious
964,67,69,68,63,64,62,49,49,48,norm_impervious
965,62,60,63,63,64,61,48,49,45,norm_impervious
966,60,62,57,54,56,48,47,49,40,norm_impervious
967,94,96,82,77,78,68,68,68,59,norm_impervious
968,105,105,93,88,88,77,62,63,54,norm_impervious
969,98,100,87,99,100,88,64,64,56,norm_impervious
970,93,99,85,97,101,90,70,72,63,norm_impervious
971,100,100,88,94,96,85,66,68,59,norm_impervious
972,166,180,181,165,175,177,107,113,113,norm_impervious
973,59,58,53,47,51,44,38,43,34,norm_impervious
974,61,66,60,56,59,47,37,41,32,norm_impervious
975,63,66,57,57,59,49,37,39,32,norm_impervious
976,62,65,58,50,52,44,46,47,39,norm_impervious
977,80,83,76,73,76,69,50,52,43,norm_impervious
978,74,79,73,67,68,63,63,65,58,norm_impervious
979,91,101,93,78,85,78,60,64,57,norm_impervious
980,53,60,53,66,68,62,68,70,62,norm_impervious
981,70,71,65,59,59,53,65,66,59,norm_impervious
982,68,74,70,64,69,63,62,66,58,norm_impervious
983,87,89,78,65,70,57,56,59,49,norm_impervious
984,63,64,59,50,54,44,44,48,38,norm_impervious
985,56,55,51,50,53,44,44,48,38,norm_impervious
986,62,65,58,51,54,45,43,47,37,norm_impervious
987,86,86,78,67,67,54,54,56,44,norm_impervious
988,76,78,75,59,63,50,51,57,41,norm_impervious
989,77,77,67,56,64,49,51,57,42,norm_impervious
990,82,82,72,59,60,48,54,57,43,norm_impervious
991,68,61,53,63,62,50,46,49,39,dry_pervious
992,78,70,59,59,59,45,49,54,39,dry_pervious
993,74,78,63,64,71,56,56,58,45,norm_pervious
994,66,70,55,56,62,48,59,54,41,norm_pervious
995,55,64,45,50,51,36,53,54,39,norm_pervious
996,42,55,38,41,53,37,38,48,36,norm_pervious
997,35,54,32,37,50,34,41,51,38,norm_pervious
998,37,52,31,38,50,34,41,50,38,norm_pervious
999,44,57,39,35,46,32,34,45,31,norm_pervious
1000,37,52,33,42,54,37,43,54,39,norm_pervious
1001,34,47,30,36,48,32,38,49,33,norm_pervious
1002,45,58,38,40,52,36,41,51,36,norm_pervious
1003,125,109,76,117,102,78,74,68,53,dry_pervious
1004,121,103,79,104,94,75,71,69,55,dry_pervious
1005,107,93,64,110,97,73,71,67,50,dry_pervious
1006,89,74,53,93,79,57,114,100,79,dry_pervious
1007,122,103,73,117,102,78,73,67,52,dry_pervious
1008,107,94,75,103,94,75,77,73,55,dry_pervious
1009,86,79,60,72,72,57,67,67,52,dry_pervious
1010,90,79,61,97,84,65,106,93,74,dry_pervious
1011,43,52,31,40,49,35,39,47,35,norm_pervious
1012,61,67,53,44,52,38,39,47,35,norm_pervious
1013,24,36,22,35,47,32,36,47,33,shaded_pervious
1014,67,76,59,47,55,43,39,47,36,norm_pervious
1015,60,70,59,45,55,42,39,46,35,norm_pervious
1016,71,73,68,65,72,57,50,55,43,norm_impervious
1017,90,94,95,73,78,70,56,62,51,norm_impervious
1018,86,92,88,75,80,72,55,62,50,norm_impervious
1019,96,98,93,88,95,88,65,73,60,norm_impervious
1020,27,40,22,36,47,32,37,45,33,shaded_pervious
1021,33,46,29,36,47,33,36,43,32,norm_pervious
1022,87,89,84,64,70,62,50,56,47,norm_impervious
1023,90,93,86,64,70,62,50,56,47,norm_impervious
1024,87,89,84,64,70,62,50,56,47,norm_impervious
1025,58,63,56,53,60,51,50,56,48,norm_impervious
1026,70,75,71,63,67,60,49,53,45,norm_impervious
1027,74,76,73,59,61,55,49,52,44,norm_impervious
1028,74,76,73,59,61,55,49,52,44,norm_impervious
1029,71,76,70,55,60,54,54,49,44,norm_impervious
1030,76,82,78,66,70,63,46,51,43,norm_impervious
1031,64,72,49,47,55,41,42,50,37,norm_pervious
1032,59,67,46,52,57,44,47,52,40,norm_pervious
1033,34,49,30,40,52,36,40,50,36,norm_pervious
1034,47,65,41,43,53,36,39,48,33,norm_pervious
1035,45,65,40,43,53,37,38,48,33,norm_pervious
1036,43,62,42,39,49,37,39,48,37,norm_pervious
1037,102,89,70,93,87,70,57,62,49,dry_pervious
1038,99,89,77,72,72,56,48,54,41,dry_pervious
1039,103,96,78,93,87,69,56,58,44,dry_pervious
1040,41,54,36,38,49,34,37,48,32,norm_pervious
1041,46,58,36,37,48,33,37,49,33,norm_pervious
1042,38,52,29,43,54,35,40,51,34,norm_pervious
1043,64,68,69,66,70,61,48,52,43,norm_impervious
1044,76,78,73,72,77,68,54,61,50,norm_impervious
1045,85,87,84,72,77,68,54,61,50,norm_impervious
1046,75,78,71,63,68,58,51,57,46,norm_impervious
1047,82,86,87,72,75,69,49,53,45,norm_impervious
1048,86,92,88,67,71,65,58,61,55,norm_impervious
1049,75,80,76,57,59,53,49,52,44,norm_impervious
1050,78,84,80,60,63,57,50,52,44,norm_impervious
1051,40,56,45,42,54,41,65,70,55,norm_pervious
1052,39,55,44,41,54,41,65,70,55,norm_pervious
1053,44,58,45,41,54,41,64,70,54,norm_pervious
1054,38,49,33,39,46,29,38,44,28,norm_pervious
1055,82,87,81,75,78,73,78,81,73,norm_impervious
1056,105,108,101,80,83,75,72,75,67,norm_impervious
1057,98,99,93,63,67,56,66,69,60,norm_impervious
1058,133,166,175,134,163,171,116,139,142,norm_impervious
1059,98,120,133,103,120,128,84,93,94,norm_impervious
1060,112,117,111,94,99,91,77,82,73,norm_impervious
1061,96,102,92,84,86,77,67,70,56,norm_impervious
1062,74,75,70,77,78,67,63,65,54,norm_impervious
1063,81,82,77,75,77,67,56,59,50,norm_impervious
1064,74,79,75,76,77,71,74,74,64,norm_impervious
1065,76,75,70,77,78,72,72,73,63,norm_impervious
1066,68,70,59,75,77,70,75,76,67,norm_impervious
1067,73,77,78,76,80,77,82,85,77,norm_impervious
1068,98,91,72,79,77,61,58,60,46,dry_pervious
1069,81,75,61,67,69,54,58,61,47,dry_pervious
1070,74,72,59,66,67,53,56,58,44,dry_pervious
1071,89,93,92,83,87,83,86,90,84,norm_impervious
1072,75,74,70,72,73,71,91,92,90,norm_impervious
1073,76,77,71,79,80,77,93,94,90,norm_impervious
1074,67,72,66,74,78,74,73,77,70,norm_impervious
1075,78,80,79,79,83,77,78,82,74,norm_impervious
1076,122,124,119,127,129,124,98,99,95,norm_impervious
1077,124,129,125,85,90,86,87,90,86,norm_impervious
1078,84,86,81,80,83,76,73,76,67,norm_impervious
1079,90,90,82,84,86,78,81,81,71,norm_impervious
1080,114,116,113,85,87,81,83,85,79,norm_impervious
1081,75,82,75,79,82,73,79,80,71,norm_impervious
1082,89,82,64,81,78,62,61,64,50,dry_pervious
1083,86,76,64,82,75,62,63,62,49,dry_pervious
1084,65,67,53,68,69,54,57,59,46,dry_pervious
1085,84,81,64,66,67,53,58,60,46,dry_pervious
1086,87,86,65,86,83,67,65,64,51,dry_pervious
1087,55,61,47,65,67,52,62,63,49,dry_pervious
1088,93,81,67,68,68,53,53,54,42,dry_pervious
1089,106,97,80,76,75,60,67,68,55,dry_pervious
1090,81,80,62,77,76,62,66,67,55,dry_pervious
1091,60,68,57,66,70,56,67,68,55,dry_pervious
1092,102,90,68,100,92,71,65,69,53,dry_pervious
1093,59,70,54,59,67,51,58,62,46,dry_pervious
1094,91,92,76,78,81,65,64,68,53,dry_pervious
1095,85,86,72,78,80,65,62,65,51,dry_pervious
1096,74,83,66,78,80,64,58,64,48,dry_pervious
1097,86,85,67,81,83,67,68,70,55,dry_pervious
1098,55,59,44,65,68,56,68,69,57,shaded_pervious
1099,53,62,45,68,71,58,72,72,60,norm_pervious
1100,55,66,50,64,68,53,66,66,53,norm_pervious
1101,57,69,49,36,47,28,34,42,26,norm_pervious
1102,36,53,34,39,48,30,39,45,31,norm_pervious
1103,24,23,18,29,35,23,41,47,32,shaded_pervious
1104,26,28,23,34,40,28,43,49,35,shaded_pervious
1105,23,22,17,30,36,24,44,49,35,shaded_pervious
1106,35,38,29,35,39,26,34,39,26,shaded_pervious
1107,28,29,21,29,35,22,41,47,33,shaded_pervious
1108,47,56,37,42,49,34,44,48,37,norm_pervious
1109,45,55,31,38,43,26,37,42,25,norm_pervious
1110,32,46,29,35,45,28,38,45,30,norm_pervious
1111,48,61,35,40,48,28,39,45,28,norm_pervious
1112,78,68,58,69,64,49,51,50,35,dry_pervious
1113,80,74,58,68,64,49,51,50,35,dry_pervious
1114,63,63,55,61,62,46,45,49,36,dry_pervious
1115,79,76,59,67,62,47,51,50,35,dry_pervious
1116,38,49,33,39,46,29,38,44,28,norm_pervious
1117,41,54,36,35,46,26,39,46,28,norm_pervious
1118,67,73,71,76,80,76,84,87,82,norm_impervious
1119,67,69,64,66,68,63,66,69,61,norm_impervious
1120,80,82,77,71,74,67,72,75,65,norm_impervious
1121,77,82,78,79,82,76,71,73,65,norm_impervious
1122,73,75,74,77,81,79,86,89,83,norm_impervious
1123,85,89,90,87,91,88,88,91,86,norm_impervious
1124,83,82,77,83,84,81,95,96,93,norm_impervious
1125,96,97,91,83,84,80,94,95,92,norm_impervious
1126,140,145,148,142,148,151,115,110,113,norm_impervious
1127,200,207,213,182,192,197,137,143,149,norm_impervious
1128,141,145,148,141,144,147,177,183,189,norm_impervious
1129,176,183,189,177,183,189,160,165,171,norm_impervious
1130,165,171,171,171,176,181,159,163,167,norm_impervious
1131,178,187,192,179,189,195,143,148,154,norm_impervious
1132,177,198,201,183,194,200,143,149,155,norm_impervious
1133,141,146,149,140,146,148,111,114,118,norm_impervious
1134,152,155,160,154,158,162,127,127,131,norm_impervious
1135,126,133,139,138,143,148,122,125,129,norm_impervious
1136,77,82,78,78,81,78,83,85,79,norm_impervious
1137,73,75,72,78,82,77,78,81,74,norm_impervious
1138,77,78,73,75,76,74,92,93,90,norm_impervious
1139,87,93,83,77,78,75,81,82,80,norm_pervious
1140,72,72,72,72,71,72,87,89,86,norm_impervious
1141,78,81,72,73,73,71,90,91,89,norm_pervious
1142,90,89,84,84,84,80,96,97,93,norm_impervious
1143,83,86,75,84,86,78,67,70,60,norm_impervious
1144,86,87,82,78,80,68,61,63,52,norm_impervious
1145,93,95,90,83,85,77,65,69,56,norm_impervious
1146,88,95,87,79,81,69,62,65,53,norm_impervious
1147,91,93,82,79,82,67,64,67,56,norm_impervious
1148,83,85,80,82,84,73,64,65,53,norm_impervious
1149,83,85,84,77,79,67,59,62,51,norm_impervious
1150,84,87,80,75,77,68,63,66,55,norm_impervious
1151,75,76,68,74,76,64,65,68,57,norm_impervious
1152,84,86,75,78,79,69,59,60,46,norm_impervious
1153,80,84,70,79,81,72,59,61,47,norm_impervious
1154,86,91,85,79,81,69,62,65,54,norm_impervious
1155,71,72,66,68,71,65,70,73,65,norm_impervious
1156,76,77,72,69,71,65,65,68,58,norm_impervious
1157,82,70,58,65,61,46,51,50,36,dry_pervious
1158,45,49,35,36,44,29,36,42,27,norm_pervious
1159,32,43,27,33,43,27,36,43,28,norm_pervious
1160,37,48,32,35,41,27,34,37,25,norm_pervious
1161,35,48,31,32,41,26,34,40,26,norm_pervious
1162,52,57,37,40,44,28,40,45,28,norm_pervious
1163,32,35,28,38,42,26,39,44,28,shaded_pervious
1164,21,32,18,32,37,24,39,43,29,shaded_pervious
1165,31,39,24,34,40,26,37,43,28,shaded_pervious
1166,23,31,18,35,41,27,37,42,27,shaded_pervious
1167,28,35,19,38,44,28,40,46,30,shaded_pervious
1168,58,65,47,45,54,32,37,45,26,norm_pervious
1169,40,53,27,44,51,31,42,46,30,norm_pervious
1170,42,49,31,39,44,28,39,43,28,norm_pervious
1171,123,131,120,120,124,117,60,62,56,norm_impervious
1172,55,59,58,54,59,57,83,87,82,norm_impervious
1173,32,31,36,39,40,41,73,76,69,norm_impervious
1174,113,115,101,109,111,101,56,58,50,norm_impervious
1175,89,90,76,87,89,78,59,61,51,norm_impervious
1176,107,109,95,106,108,99,54,56,49,norm_impervious
1177,93,95,84,98,100,88,66,68,56,norm_impervious
1178,77,79,76,73,75,63,51,55,43,norm_impervious
1179,74,76,73,64,68,58,42,48,33,norm_impervious
1180,74,74,74,65,69,60,43,48,34,norm_impervious
1181,76,77,69,72,74,62,50,54,42,norm_impervious
1182,67,81,56,68,71,58,54,57,45,norm_pervious
1183,37,43,29,49,54,41,62,64,52,norm_pervious
1184,50,54,37,48,50,35,52,53,39,norm_pervious
1185,58,67,50,37,42,26,39,43,29,norm_pervious
1186,74,76,75,77,80,79,87,89,83,norm_impervious
1187,39,40,32,50,51,41,67,69,60,norm_impervious
1188,32,33,28,39,43,32,45,50,38,norm_impervious
1189,34,40,30,43,48,35,50,54,42,norm_impervious
1190,31,32,27,39,43,32,46,51,38,norm_impervious
1191,29,21,19,35,37,27,62,63,54,norm_impervious
1192,26,21,25,35,37,28,61,62,53,norm_impervious
1193,36,37,29,60,60,50,72,72,62,norm_impervious
1194,57,58,52,72,71,59,67,68,56,norm_impervious
1195,43,44,36,66,65,54,72,72,61,norm_impervious
1196,36,38,33,49,51,40,58,58,47,norm_impervious
1197,33,37,23,36,40,27,53,56,47,norm_impervious
1198,69,71,60,70,72,62,52,55,46,norm_impervious
1199,28,30,19,38,41,28,53,57,47,norm_impervious
1200,30,24,28,36,38,29,62,65,53,norm_impervious
1201,75,76,70,80,81,75,65,66,60,norm_impervious
1202,86,93,86,85,90,87,73,75,71,norm_impervious
1203,88,88,80,77,78,69,69,70,62,norm_impervious
1204,105,102,95,105,106,92,69,70,61,norm_impervious
1205,140,141,133,135,136,128,114,116,103,norm_impervious
1206,122,127,120,117,123,115,83,87,81,norm_impervious
1207,138,142,128,138,140,129,80,84,78,norm_impervious
1208,106,107,99,98,99,90,86,88,78,norm_impervious
1209,95,95,95,89,91,85,65,67,58,norm_impervious
1210,93,94,86,89,91,82,86,88,77,norm_impervious
1211,71,74,63,74,78,71,80,83,73,norm_impervious
1212,94,97,86,91,94,85,77,79,71,norm_impervious
1213,109,112,103,96,98,90,81,83,75,norm_impervious
1214,116,123,107,108,115,99,87,91,80,norm_impervious
1215,130,136,122,129,134,122,92,95,85,norm_impervious
1216,100,105,99,96,100,93,66,68,61,norm_impervious
1217,93,94,86,89,91,82,86,88,77,norm_impervious
1218,59,59,57,62,64,62,67,66,60,norm_impervious
1219,46,48,45,60,64,63,61,66,63,norm_impervious
1220,68,69,73,67,69,68,67,71,67,norm_impervious
1221,89,95,93,87,93,90,69,73,67,norm_impervious
1222,92,93,79,93,93,81,90,92,81,norm_impervious
1223,176,178,165,175,179,163,102,103,93,norm_impervious
1224,88,95,88,80,82,69,61,64,53,norm_impervious
1225,41,57,30,44,51,37,55,58,48,norm_pervious
1226,60,76,50,46,55,38,56,60,49,norm_pervious
1227,48,67,37,47,56,39,55,58,48,norm_pervious
1228,71,87,60,59,73,48,46,56,37,norm_pervious
1229,65,79,53,58,70,47,55,63,46,norm_pervious
1230,47,61,48,42,55,42,66,72,56,norm_pervious
1231,59,68,49,52,60,44,42,49,35,norm_pervious
1232,34,43,26,39,44,29,43,47,33,shaded_pervious
1233,52,66,43,40,46,30,40,45,30,norm_pervious
1234,58,67,48,45,52,35,48,53,38,norm_pervious
1235,35,46,32,34,42,28,37,43,29,norm_pervious
1236,51,62,46,36,44,28,34,39,25,norm_pervious
1237,30,44,27,35,41,27,39,44,30,norm_pervious
1238,53,62,43,44,50,33,46,50,35,norm_pervious
1239,44,58,35,37,44,28,34,41,25,norm_pervious
1240,38,52,27,36,44,27,38,45,29,norm_pervious
1241,91,91,79,80,80,66,59,60,47,norm_impervious
1242,91,91,83,81,81,68,61,62,49,norm_impervious
1243,89,87,72,67,68,55,53,54,41,norm_impervious
1244,78,78,76,70,70,59,57,56,42,norm_impervious
1245,88,88,88,67,67,55,53,55,41,norm_impervious
1246,33,33,23,33,35,25,56,57,45,norm_impervious
1247,36,34,21,40,41,29,53,57,45,norm_impervious
1248,35,34,29,41,44,30,55,58,47,norm_impervious
1249,27,28,22,44,46,38,59,64,51,norm_impervious
1250,39,38,36,43,47,38,61,65,54,norm_impervious
1251,86,87,82,77,79,71,56,59,50,norm_impervious
1252,59,63,64,63,65,64,68,69,64,norm_impervious
1253,53,54,58,65,68,67,67,71,66,norm_impervious
1254,60,65,61,67,70,68,70,73,69,norm_impervious
1255,87,91,90,74,76,73,70,73,69,norm_impervious
1256,70,72,67,61,63,61,66,63,56,norm_impervious
1257,59,64,58,62,63,62,69,68,63,norm_impervious
1258,64,69,63,62,64,62,68,63,57,norm_impervious
1259,76,82,82,77,84,77,72,78,67,norm_impervious
1260,73,82,77,82,87,80,75,80,71,norm_impervious
1261,81,88,81,82,86,78,73,75,65,norm_impervious
1262,86,89,82,82,87,79,75,79,70,norm_impervious
1263,86,91,84,83,88,80,71,76,68,norm_impervious
1264,90,95,89,80,85,80,79,82,73,norm_impervious
1265,43,55,43,39,47,35,47,53,43,norm_pervious
1266,59,73,58,39,47,35,47,53,42,norm_pervious
1267,36,47,30,40,45,33,47,52,42,norm_pervious
1268,34,45,28,35,42,25,36,43,28,norm_pervious
1269,30,41,24,34,41,25,35,42,26,norm_pervious
1270,37,49,29,33,42,27,34,43,28,norm_pervious
1271,32,45,27,37,45,29,42,50,36,norm_pervious
1272,52,63,46,35,42,27,37,43,29,norm_pervious
1273,40,48,33,43,48,33,51,53,38,norm_pervious
1274,48,64,38,45,51,34,45,48,34,norm_pervious
1275,56,72,46,46,51,36,45,49,36,norm_pervious
1276,37,47,36,39,49,32,37,46,29,norm_pervious
1277,54,66,42,37,46,28,38,44,28,norm_pervious
1278,57,67,43,37,46,28,38,45,28,norm_pervious
1279,59,67,43,44,49,30,38,42,27,norm_pervious
1280,45,50,28,44,52,32,39,44,28,norm_pervious
1281,43,54,38,38,46,29,40,45,29,norm_pervious
1282,20,11,16,30,30,21,40,42,31,shaded_pervious
1283,79,83,82,67,74,65,54,61,52,norm_impervious
1284,66,71,65,70,73,64,55,57,46,norm_impervious
1285,70,72,69,67,72,65,50,56,46,norm_impervious
1286,73,75,70,61,65,55,47,54,43,norm_impervious
1287,74,76,73,58,60,53,49,52,44,norm_impervious
1288,69,66,49,62,62,50,45,49,39,dry_pervious
1289,80,80,68,70,71,57,60,50,39,dry_pervious
1290,134,113,86,117,102,78,74,68,52,dry_pervious
1291,120,104,81,113,101,81,82,78,61,dry_pervious
1292,115,103,81,110,99,80,81,76,61,dry_pervious
1293,125,109,76,117,102,77,75,69,53,dry_pervious
1294,125,107,85,119,103,79,84,75,59,dry_pervious
1295,122,103,73,117,102,78,73,67,52,dry_pervious
1296,92,75,57,61,60,48,65,66,53,dry_pervious
1297,110,97,78,110,98,78,81,77,60,dry_pervious
1298,107,102,83,108,97,79,83,77,62,dry_pervious
1299,140,119,92,121,105,81,87,78,61,dry_pervious
1300,132,115,87,118,104,80,81,73,57,dry_pervious
1301,32,44,24,37,49,31,41,52,34,norm_pervious
1302,43,55,35,44,56,36,40,51,33,norm_pervious
1303,37,50,33,37,47,34,40,48,37,norm_pervious
1304,68,66,51,58,61,47,53,56,43,dry_pervious
1305,69,67,52,59,62,48,53,55,42,dry_pervious
1306,47,60,43,35,46,32,37,48,33,norm_pervious
1307,49,62,44,44,52,37,41,47,34,norm_pervious
1308,57,73,47,50,57,43,40,47,35,norm_pervious
1309,56,68,48,55,65,49,46,52,41,norm_pervious
1310,50,62,42,44,53,38,42,49,37,norm_pervious
1311,43,56,38,38,48,33,38,47,33,norm_pervious
1312,51,74,46,42,55,37,40,49,37,norm_pervious
1313,56,76,49,41,54,36,38,48,35,norm_pervious
1314,30,41,24,38,49,34,41,50,38,norm_pervious
1315,37,52,31,37,49,33,38,48,34,norm_pervious
1316,83,83,83,61,67,59,45,52,43,norm_impervious
1317,30,31,33,41,46,41,52,60,51,norm_impervious
1318,43,44,46,42,48,42,52,60,51,norm_impervious
1319,61,62,66,52,59,55,50,56,50,norm_impervious
1320,43,43,53,40,46,40,52,58,50,norm_impervious
1321,82,81,86,63,69,63,50,56,49,norm_impervious
1322,70,64,52,62,61,49,46,49,40,dry_pervious
1323,68,65,50,61,61,51,49,52,44,dry_pervious
1324,69,60,53,56,59,44,48,55,39,dry_pervious
1325,77,71,57,57,58,44,48,53,39,dry_pervious
1326,74,68,56,60,60,46,51,54,40,dry_pervious
1327,74,66,53,58,59,45,50,54,40,dry_pervious
1328,66,64,49,55,57,44,47,52,38,dry_pervious
1329,52,70,46,45,55,38,47,54,39,norm_pervious
1330,77,75,63,70,71,57,55,50,39,dry_pervious
1331,86,87,73,76,76,63,61,64,52,dry_pervious
1332,97,103,103,88,93,88,62,66,58,norm_impervious
1333,91,96,92,88,93,88,60,65,57,norm_impervious
1334,93,95,90,90,95,90,62,67,58,norm_impervious
1335,93,98,92,87,92,87,59,64,56,norm_impervious
1336,93,101,90,88,94,87,70,74,67,norm_impervious
1337,70,75,68,71,74,66,52,55,47,norm_impervious
1338,89,91,88,69,73,64,59,62,53,norm_impervious
1339,48,49,43,37,43,34,44,50,43,norm_impervious
1340,69,64,61,61,65,56,48,55,44,norm_impervious
1341,70,75,68,66,70,61,48,54,44,norm_impervious
1342,77,78,72,61,66,56,47,54,43,norm_impervious
1343,43,43,43,37,44,39,45,52,44,norm_impervious
1344,74,77,68,62,66,58,49,54,47,norm_impervious
1345,40,40,42,40,45,40,51,57,49,norm_impervious
1346,78,82,81,57,59,52,49,51,43,norm_impervious
1347,64,69,63,62,65,59,49,52,45,norm_impervious
1348,49,64,45,42,52,38,40,50,37,norm_pervious
1349,38,55,39,39,50,34,38,46,34,norm_pervious
1350,62,70,55,42,52,36,37,47,33,norm_pervious
1351,36,54,32,39,47,33,45,51,40,norm_pervious
1352,39,57,35,38,50,34,39,48,35,norm_pervious
1353,30,43,25,35,46,30,34,45,29,norm_pervious
1354,55,62,46,45,52,38,42,49,35,norm_pervious
1355,48,64,37,42,50,34,40,48,34,norm_pervious
1356,27,38,24,33,43,29,36,47,33,shaded_pervious
1357,31,44,27,38,50,34,40,49,35,shaded_pervious
1358,39,56,38,38,50,34,42,52,37,norm_pervious
1359,35,41,29,39,48,35,40,46,36,shaded_pervious
1360,54,65,48,38,46,33,35,42,29,norm_pervious
1361,56,63,47,45,55,37,40,48,35,norm_pervious
1362,46,55,34,40,50,36,39,46,34,norm_pervious
1363,36,48,26,41,50,34,44,53,37,norm_pervious
1364,43,62,42,40,50,37,39,48,37,norm_pervious
1365,43,57,42,39,49,37,40,48,38,norm_pervious
1366,42,56,31,39,45,32,43,48,35,norm_pervious
1367,53,68,49,44,55,37,42,51,35,norm_pervious
1368,44,64,39,42,53,36,44,53,37,norm_pervious
1369,39,56,37,41,52,36,45,53,37,norm_pervious
1370,43,45,32,40,50,33,39,50,33,shaded_pervious
1371,53,68,49,44,55,37,42,51,35,norm_pervious
1372,50,61,45,43,53,36,41,51,35,norm_pervious
1373,51,70,42,46,56,38,40,48,34,norm_pervious
1374,53,66,48,45,55,37,40,48,34,norm_pervious
1375,50,63,43,42,53,37,40,50,37,norm_pervious
1376,60,73,53,43,56,39,37,48,34,norm_pervious
1377,40,55,34,36,48,32,40,49,36,norm_pervious
1378,37,50,32,37,48,32,37,46,33,norm_pervious
1379,40,55,34,36,49,32,38,48,34,norm_pervious
1380,50,63,43,41,53,36,38,48,34,norm_pervious
1381,47,60,40,38,48,32,38,46,32,norm_pervious
1382,51,63,49,38,48,33,38,47,33,norm_pervious
1383,51,60,39,40,49,34,40,48,34,norm_pervious
1384,49,64,43,42,53,38,43,52,39,norm_pervious
1385,29,41,19,39,48,31,44,51,36,norm_pervious
1386,55,69,46,43,53,35,41,50,34,norm_pervious
1387,52,70,48,42,52,36,42,50,37,norm_pervious
1388,48,60,40,51,59,45,53,58,49,norm_pervious
1389,45,60,39,40,52,36,42,52,38,norm_pervious
1390,63,74,58,63,69,62,58,63,57,norm_pervious
1391,72,80,67,62,69,62,43,49,42,norm_pervious
1392,80,80,80,58,65,56,44,52,42,norm_impervious
1393,74,77,70,58,66,57,47,55,46,norm_impervious
1394,26,44,28,46,58,43,47,56,46,norm_pervious
1395,52,66,53,52,61,52,48,54,47,norm_pervious
1396,37,48,31,37,42,32,38,44,32,norm_pervious
1397,45,60,41,41,49,36,43,48,38,norm_pervious
1398,53,64,48,45,52,39,38,43,32,norm_pervious
1399,78,79,65,68,69,56,56,50,40,dry_pervious
1400,29,51,28,41,52,35,38,47,32,norm_pervious
1401,47,61,38,43,53,36,39,48,33,norm_pervious
1402,59,70,54,45,54,42,41,48,38,norm_pervious
1403,72,70,55,64,68,52,48,53,39,dry_pervious
1404,67,76,59,65,71,58,53,59,46,dry_pervious
1405,70,77,61,65,71,57,53,58,44,dry_pervious
1406,71,69,56,71,72,58,57,60,49,dry_pervious
1407,82,83,69,74,74,60,56,59,48,dry_pervious
1408,67,69,55,65,69,54,47,52,38,dry_pervious
1409,68,75,59,63,70,55,49,54,42,dry_pervious
1410,72,76,62,64,71,57,55,59,47,dry_pervious
1411,69,70,56,65,68,53,46,52,38,dry_pervious
1412,73,73,61,64,68,53,50,55,42,dry_pervious
1413,75,76,62,61,62,50,43,49,37,dry_pervious
1414,72,70,57,64,65,53,44,50,38,dry_pervious
1415,71,69,56,61,62,49,43,50,37,dry_pervious
1416,47,66,47,39,51,37,37,47,34,norm_pervious
1417,52,69,51,38,49,35,36,46,33,norm_pervious
1418,40,55,36,39,49,36,42,49,39,norm_pervious
1419,55,67,47,45,54,39,40,48,36,norm_pervious
1420,53,66,48,45,55,37,40,48,34,norm_pervious
1421,38,51,33,42,53,34,43,51,35,norm_pervious
1422,40,53,33,40,51,32,44,53,35,norm_pervious
1423,58,68,44,48,58,38,39,48,32,norm_pervious
1424,35,46,29,43,52,35,43,50,35,norm_pervious
1425,36,51,30,41,52,33,44,53,35,norm_pervious
1426,52,64,42,37,47,31,41,50,34,norm_pervious
1427,57,68,54,44,56,39,41,51,35,norm_pervious
1428,50,63,43,42,52,35,39,48,34,norm_pervious
1429,48,61,43,45,53,37,41,48,34,norm_pervious
1430,73,67,53,62,61,49,47,51,41,dry_pervious
1431,72,65,55,61,60,49,45,49,39,dry_pervious
1432,176,168,129,167,159,122,155,149,116,tan_impervious
1433,167,162,124,168,162,124,164,157,122,tan_impervious
1434,127,121,95,125,119,97,124,120,105,tan_impervious
1435,142,134,98,164,157,118,159,153,117,tan_impervious
1436,155,148,119,159,152,120,165,158,125,tan_impervious
1437,152,131,100,123,115,85,95,99,70,dry_pervious
1438,120,106,79,131,115,91,125,113,89,tan_impervious
1439,98,94,67,84,88,63,80,87,63,dry_pervious
1440,100,99,71,84,89,63,84,91,66,dry_pervious
1441,104,97,71,93,93,68,85,89,64,dry_pervious
1442,158,132,99,124,116,86,95,98,71,dry_pervious
1443,156,137,95,154,139,97,78,85,53,dry_pervious
1444,153,128,87,152,137,95,79,86,54,dry_pervious
1445,105,101,74,96,100,71,84,92,67,dry_pervious
1446,94,99,69,93,99,70,93,99,73,norm_pervious
1447,111,112,78,98,102,73,88,96,70,dry_pervious
1448,102,101,70,95,100,71,88,95,69,dry_pervious
1449,134,119,90,139,124,89,77,85,56,dry_pervious
1450,53,71,47,55,73,48,61,76,50,norm_pervious
1451,40,65,36,51,71,44,73,85,59,norm_pervious
1452,39,70,39,47,68,41,62,76,50,norm_pervious
1453,76,89,69,64,74,54,59,70,50,norm_pervious
1454,61,64,45,66,70,57,79,79,60,norm_impervious
1455,60,63,54,65,69,56,75,81,62,norm_impervious
1456,70,73,64,91,93,81,105,107,91,norm_impervious
1457,54,57,40,54,60,43,80,86,70,norm_impervious
1458,106,107,89,103,106,87,78,84,65,norm_impervious
1459,107,109,95,98,104,88,60,70,49,norm_impervious
1460,107,116,99,101,111,94,72,84,65,norm_impervious
1461,151,150,130,146,145,123,86,91,71,norm_impervious
1462,154,155,137,149,147,126,91,95,75,norm_impervious
1463,73,78,58,66,78,53,77,83,61,norm_impervious
1464,100,98,85,94,99,82,75,83,64,norm_impervious
1465,110,111,95,100,103,86,87,92,73,norm_impervious
1466,108,111,94,107,110,90,85,91,71,norm_impervious
1467,106,110,95,97,103,85,83,90,71,norm_impervious
1468,87,89,78,88,92,78,85,87,70,norm_impervious
1469,86,88,77,85,89,74,71,80,58,norm_impervious
1470,87,89,78,87,91,77,75,82,62,norm_impervious
1471,101,103,92,88,90,78,75,81,63,norm_impervious
1472,94,92,79,85,89,74,69,78,55,norm_impervious
1473,79,92,64,65,80,54,56,71,46,norm_pervious
1474,68,84,55,69,85,58,48,66,41,norm_pervious
1475,106,107,89,106,109,90,90,95,74,norm_impervious
1476,53,76,48,61,80,52,76,90,63,norm_pervious
1477,49,80,49,53,75,47,85,96,71,norm_pervious
1478,45,74,44,52,75,46,84,95,69,norm_pervious
1479,54,79,50,52,76,47,93,99,74,norm_pervious
1480,44,59,36,47,62,39,58,68,49,norm_pervious
1481,37,52,31,46,61,38,54,66,46,shaded_pervious
1482,32,33,19,36,37,25,66,68,53,shaded_pervious
1483,34,32,20,39,40,27,70,71,55,shaded_pervious
1484,37,37,27,40,42,29,69,72,56,shaded_pervious
1485,79,82,75,85,88,77,94,98,81,norm_impervious
1486,76,79,68,84,87,76,99,102,84,norm_impervious
1487,161,153,114,164,158,120,151,145,112,tan_impervious
1488,171,162,123,165,158,120,157,151,116,tan_impervious
1489,173,167,135,168,161,129,159,153,119,tan_impervious
1490,176,168,129,168,161,123,158,151,117,tan_impervious
1491,128,112,87,133,117,92,119,109,86,tan_impervious
1492,131,114,94,134,117,92,120,110,87,tan_impervious
1493,137,117,90,135,118,93,123,111,87,tan_impervious
1494,138,117,90,138,122,98,125,115,92,tan_impervious
1495,132,111,82,131,113,86,127,114,90,tan_impervious
1496,120,100,73,131,112,85,128,113,88,tan_impervious
1497,132,117,94,133,117,92,126,116,93,tan_impervious
1498,123,108,87,133,118,93,123,112,89,tan_impervious
1499,123,103,79,132,116,91,126,115,91,tan_impervious
1500,127,107,83,132,116,92,130,118,95,tan_impervious
1501,160,141,109,139,124,98,128,116,92,tan_impervious
1502,128,105,73,132,114,86,127,115,91,tan_impervious
1503,142,123,93,134,117,90,124,111,87,tan_impervious
1504,134,114,90,132,116,92,128,116,93,tan_impervious
1505,116,100,75,129,110,85,126,111,87,tan_impervious
1506,114,84,58,123,108,84,115,107,84,tan_impervious
1507,160,152,113,165,158,120,155,150,115,tan_impervious
1508,137,127,91,157,150,115,154,148,117,tan_impervious
1509,120,96,70,124,106,81,118,107,84,tan_impervious
1510,114,84,58,123,108,84,115,107,84,tan_impervious
1511,141,120,93,133,114,88,127,113,88,tan_impervious
1512,128,113,90,134,118,93,122,110,86,tan_impervious
1513,124,100,76,124,107,83,117,108,85,tan_impervious
1514,120,105,82,99,92,68,83,84,60,dry_pervious
1515,146,130,104,128,118,93,98,93,70,dry_pervious
1516,158,144,118,155,141,115,113,102,78,tan_impervious
1517,121,97,73,124,107,83,117,106,83,tan_impervious
1518,124,107,87,135,118,93,122,111,88,tan_impervious
1519,145,124,97,132,116,92,129,117,94,tan_impervious
1520,137,116,89,133,116,90,131,116,90,tan_impervious
1521,165,157,118,167,160,122,155,148,115,tan_impervious
1522,132,116,80,130,117,81,84,91,58,dry_pervious
1523,168,142,107,123,115,85,98,100,73,dry_pervious
1524,126,106,82,129,113,89,124,113,90,tan_impervious
1525,152,133,101,131,113,86,125,112,88,tan_impervious
1526,93,97,80,111,114,96,128,129,110,norm_impervious
1527,136,133,116,122,124,104,114,113,92,norm_impervious
1528,119,125,113,118,122,105,124,124,104,norm_impervious
1529,123,130,114,121,124,107,118,118,98,norm_impervious
1530,117,119,98,119,122,103,105,110,90,norm_impervious
1531,133,134,116,137,139,125,115,115,99,norm_impervious
1532,145,146,132,124,126,108,117,118,99,norm_impervious
1533,132,133,115,138,137,120,134,131,113,norm_impervious
1534,145,146,132,139,140,125,130,130,114,norm_impervious
1535,102,106,92,97,103,85,67,77,55,norm_impervious
1536,90,93,84,92,98,80,67,75,56,norm_impervious
1537,96,99,88,89,94,75,80,85,65,norm_impervious
1538,90,93,82,95,99,81,90,93,72,norm_impervious
1539,109,108,88,100,104,83,85,91,70,norm_impervious
1540,108,111,92,99,103,83,82,88,68,norm_impervious
1541,91,92,74,82,91,71,74,83,62,norm_impervious
1542,90,94,77,89,96,76,82,89,69,norm_impervious
1543,88,90,77,94,98,80,87,94,73,norm_impervious
1544,95,97,83,94,97,79,85,91,70,norm_impervious
1545,71,71,71,69,72,61,76,81,64,norm_impervious
1546,69,70,62,69,74,60,68,75,57,norm_impervious
1547,111,116,94,103,107,86,80,88,64,norm_impervious
1548,96,102,88,101,105,84,86,93,71,norm_impervious
1549,99,102,83,97,102,82,87,95,74,norm_impervious
1550,100,104,89,95,97,81,83,89,68,norm_impervious
1551,103,105,91,95,99,83,99,102,86,norm_impervious
1552,85,88,77,91,94,81,99,101,87,norm_impervious
1553,83,83,75,94,96,83,101,105,88,norm_impervious
1554,92,94,80,87,91,77,92,96,79,norm_impervious
1555,103,105,92,88,91,78,93,96,80,norm_impervious
1556,114,119,99,104,107,88,80,86,66,norm_impervious
1557,114,113,93,102,103,86,77,84,65,norm_impervious
1558,101,106,84,102,105,89,73,80,62,norm_impervious
1559,118,121,102,105,108,90,84,88,70,norm_impervious
1560,110,114,97,101,104,87,72,79,61,norm_impervious
1561,106,109,90,102,106,88,73,82,61,norm_impervious
1562,115,120,100,101,105,85,67,77,56,norm_impervious
1563,104,106,93,95,98,84,98,100,86,norm_impervious
1564,84,85,69,88,90,74,85,91,73,norm_impervious
1565,93,94,80,93,95,82,99,101,87,norm_impervious
1566,98,102,88,93,96,83,97,100,84,norm_impervious
1567,130,121,112,119,114,105,95,96,79,norm_impervious
1568,116,95,64,121,105,79,120,108,84,tan_impervious
1569,149,133,100,143,126,95,104,100,75,dry_pervious
1570,162,151,123,162,150,122,126,117,92,tan_impervious
1571,102,101,80,112,113,95,128,129,112,norm_impervious
1572,156,159,142,139,141,125,114,120,99,norm_impervious
1573,149,151,130,140,142,122,110,113,93,norm_impervious
1574,111,112,98,111,113,92,93,97,74,norm_impervious
1575,108,113,93,98,103,83,87,92,71,norm_impervious
1576,111,119,98,102,107,87,89,95,75,norm_impervious
1577,100,107,91,95,100,80,86,94,71,norm_impervious
1578,110,115,93,97,103,82,82,89,67,norm_impervious
1579,105,106,90,99,102,83,83,89,68,norm_impervious
1580,102,105,88,101,104,85,85,91,70,norm_impervious
1581,112,113,95,106,109,89,87,93,72,norm_impervious
1582,112,113,97,101,105,84,80,88,64,norm_impervious
1583,115,117,106,109,111,90,94,98,76,norm_impervious
1584,100,103,84,97,102,83,83,90,70,norm_impervious
1585,116,115,95,105,108,86,92,98,76,norm_impervious
1586,99,104,82,101,106,85,79,87,66,norm_impervious
1587,97,104,86,103,108,88,89,95,74,norm_impervious
1588,108,113,91,107,110,90,84,91,70,norm_impervious
1589,113,115,94,102,106,85,81,88,65,norm_impervious
1590,112,115,94,102,106,85,81,88,65,norm_impervious
1591,110,114,97,104,107,88,85,92,70,norm_impervious
1592,119,121,107,110,112,91,93,98,75,norm_impervious
1593,115,117,104,110,113,92,93,98,75,norm_impervious
1594,114,116,92,111,113,93,92,96,73,norm_impervious
1595,110,114,97,104,107,88,85,92,70,norm_impervious
1596,109,110,94,105,108,88,81,88,66,norm_impervious
1597,110,109,89,104,107,87,84,90,70,norm_impervious
1598,103,107,93,101,106,84,86,93,69,norm_impervious
1599,113,111,88,105,109,86,102,107,84,norm_impervious
1600,107,109,98,110,112,92,94,98,75,norm_impervious
1601,104,106,85,109,112,90,93,97,76,norm_impervious
1602,168,162,126,172,167,128,108,104,77,tan_impervious
1603,150,154,139,152,158,141,92,101,80,norm_impervious
1604,131,116,95,126,117,93,72,72,50,tan_impervious
1605,144,143,125,146,143,121,108,108,91,norm_impervious
1606,43,46,25,62,69,49,74,79,61,shaded_pervious
1607,99,104,84,80,80,61,68,73,53,norm_impervious
1608,100,92,73,86,86,66,72,75,56,tan_impervious
1609,86,84,72,84,85,70,64,72,53,norm_impervious
1610,91,99,86,92,101,87,61,71,53,norm_impervious
1611,105,112,96,94,103,86,74,82,64,norm_impervious
1612,121,122,91,112,110,85,77,82,59,tan_impervious
1613,109,115,103,101,106,93,74,79,60,norm_impervious
1614,95,99,85,94,97,84,77,82,65,norm_impervious
1615,105,113,100,90,95,82,64,70,52,norm_impervious
1616,114,126,106,103,116,99,67,79,61,norm_impervious
1617,111,115,100,103,107,93,57,66,47,norm_impervious
1618,111,115,100,103,107,93,57,66,47,norm_impervious
1619,133,146,129,132,144,126,74,84,64,norm_impervious
1620,133,146,129,132,144,126,74,84,64,norm_impervious
1621,122,135,117,123,136,118,83,95,77,norm_impervious
1622,167,170,153,154,162,141,81,91,71,norm_impervious
1623,156,164,143,151,159,138,78,88,68,norm_impervious
1624,148,160,136,150,158,138,82,92,72,norm_impervious
1625,139,142,125,132,135,118,106,113,95,norm_impervious
1626,64,82,61,63,81,60,71,78,65,norm_pervious
1627,68,87,68,68,85,64,79,88,69,norm_pervious
1628,45,58,48,35,43,36,36,43,36,norm_pervious
1629,35,46,34,46,53,45,46,53,44,norm_pervious
1630,51,59,43,50,56,45,56,61,51,norm_pervious
1631,54,65,46,54,59,46,59,61,49,norm_pervious
1632,47,54,47,43,52,43,43,51,42,norm_pervious
1633,54,66,54,50,57,47,48,55,46,norm_pervious
1634,31,41,38,33,39,36,49,53,46,shaded_pervious
1635,27,33,30,32,37,35,45,50,44,shaded_pervious
1636,20,29,28,33,39,36,49,53,46,shaded_pervious
1637,22,29,30,31,38,35,47,52,45,shaded_pervious
1638,17,28,25,34,39,35,42,46,40,shaded_pervious
1639,27,36,27,44,48,41,52,56,47,shaded_pervious
1640,41,40,33,47,48,38,63,64,51,shaded_pervious
1641,38,44,38,42,45,37,62,65,53,shaded_pervious
1642,23,30,32,32,38,33,42,49,41,shaded_pervious
1643,23,30,32,32,38,33,42,49,41,shaded_pervious
1644,23,31,27,32,38,33,44,50,42,shaded_pervious
1645,40,46,47,47,51,43,59,63,52,shaded_pervious
1646,35,40,41,43,49,43,61,65,55,shaded_pervious
1647,47,53,47,45,49,43,48,52,44,norm_pervious
1648,69,91,66,71,86,65,80,86,70,norm_pervious
1649,68,85,68,69,84,66,75,88,72,norm_pervious
1650,59,77,59,69,85,67,75,90,73,norm_pervious
1651,79,100,79,76,92,72,86,95,76,norm_pervious
1652,73,84,65,69,84,63,63,66,54,norm_pervious
1653,71,89,69,73,85,65,93,97,77,norm_pervious
1654,139,116,98,122,106,89,95,87,71,dry_pervious
1655,89,79,64,106,93,76,102,91,75,dry_pervious
1656,127,108,92,120,104,88,83,79,64,dry_pervious
1657,139,122,98,131,117,96,102,94,76,dry_pervious
1658,144,121,95,138,121,99,103,94,77,dry_pervious
1659,144,121,94,106,96,78,80,77,62,dry_pervious
1660,137,118,104,132,117,96,109,100,80,dry_pervious
1661,126,112,94,127,113,92,105,95,78,dry_pervious
1662,130,95,81,116,97,79,77,69,53,dry_pervious
1663,139,116,97,115,96,78,75,68,55,dry_pervious
1664,179,147,113,160,139,114,124,109,91,dry_pervious
1665,165,150,132,158,138,115,124,111,93,dry_pervious
1666,96,98,82,88,90,72,87,85,66,norm_impervious
1667,98,94,77,88,87,71,86,82,66,norm_impervious
1668,106,97,87,116,106,91,99,92,77,norm_impervious
1669,29,34,32,32,38,35,46,50,44,shaded_pervious
1670,27,33,30,31,37,35,45,49,43,shaded_pervious
1671,22,29,31,39,45,39,50,57,48,shaded_pervious
1672,91,86,76,79,75,66,75,72,63,norm_impervious
1673,158,155,142,155,153,139,99,97,85,norm_impervious
1674,109,106,93,114,112,98,112,111,100,norm_impervious
1675,142,136,126,116,113,100,81,81,70,norm_impervious
1676,199,170,128,186,168,130,129,120,91,dry_pervious
1677,187,166,125,178,164,125,142,131,98,dry_pervious
1678,134,128,111,136,120,92,107,96,75,norm_impervious
1679,153,139,112,132,119,95,98,93,76,dry_pervious
1680,144,125,98,136,119,92,102,94,70,dry_pervious
1681,134,122,96,132,119,94,100,94,76,dry_pervious
1682,131,96,82,113,93,76,84,74,58,dry_pervious
1683,170,140,110,155,134,110,110,99,81,dry_pervious
1684,92,80,70,86,80,65,69,64,52,dry_pervious
1685,75,70,58,88,82,68,77,71,57,dry_pervious
1686,16,14,21,22,23,18,37,40,31,shaded_pervious
1687,15,21,15,22,24,18,34,35,28,shaded_pervious
1688,135,129,118,132,128,114,101,98,83,norm_impervious
1689,123,113,98,127,120,105,113,110,94,norm_impervious
1690,130,130,111,133,130,110,118,114,95,norm_impervious
1691,42,45,34,38,42,31,39,42,31,norm_pervious
1692,89,89,87,81,83,73,58,62,47,norm_impervious
1693,75,80,74,80,82,73,68,70,59,norm_impervious
1694,81,84,67,76,80,63,57,60,48,dry_pervious
1695,79,88,67,76,80,63,57,61,48,dry_pervious
1696,73,84,67,75,79,62,57,61,48,dry_pervious
1697,71,72,58,75,79,62,54,58,45,dry_pervious
1698,97,98,92,93,96,89,87,90,81,norm_impervious
1699,91,94,101,90,93,88,86,90,82,norm_impervious
1700,91,97,95,91,95,87,68,73,62,norm_impervious
1701,93,92,74,87,87,71,82,83,69,dry_pervious
1702,83,84,68,86,86,71,82,83,69,dry_pervious
1703,79,81,60,85,84,68,79,80,65,dry_pervious
1704,54,67,39,47,54,33,59,62,44,norm_pervious
1705,42,49,33,39,46,30,37,44,27,norm_pervious
1706,59,71,61,66,71,62,103,84,72,norm_pervious
1707,63,76,66,68,73,64,112,89,75,norm_pervious
1708,69,81,71,67,73,63,111,87,73,norm_pervious
1709,63,79,66,63,74,60,67,71,57,norm_pervious
1710,55,71,58,63,76,62,76,80,66,norm_pervious
1711,59,69,60,63,76,62,80,84,71,norm_pervious
1712,58,76,62,64,75,61,66,70,55,norm_pervious
1713,60,76,63,64,76,62,81,84,72,norm_pervious
1714,63,79,66,64,75,61,70,74,60,norm_pervious
1715,149,149,147,141,141,139,129,130,127,norm_impervious
1716,246,250,249,238,245,245,121,122,121,norm_impervious
1717,74,78,81,79,84,74,85,88,79,norm_impervious
1718,91,93,90,93,97,92,86,91,87,norm_impervious
1719,82,81,76,78,79,68,69,65,52,norm_impervious
1720,86,78,65,84,78,64,78,76,63,norm_impervious
1721,78,68,58,84,78,64,82,82,69,norm_impervious
1722,95,78,68,88,82,66,101,99,86,norm_impervious
1723,93,86,70,84,79,65,87,86,72,norm_impervious
1724,89,80,63,84,78,64,78,77,64,norm_impervious
1725,84,77,61,88,82,66,99,96,84,norm_impervious
1726,80,73,57,84,78,64,78,77,64,norm_impervious
1727,86,92,90,89,94,87,66,71,60,norm_impervious
1728,83,88,81,84,88,81,82,85,76,norm_impervious
1729,86,90,91,82,86,78,75,78,68,norm_impervious
1730,90,96,96,89,93,88,87,91,82,norm_impervious
1731,97,107,98,76,82,71,76,81,70,norm_impervious
1732,66,84,70,63,76,62,77,81,68,norm_pervious
1733,60,76,63,64,75,61,68,74,61,norm_pervious
1734,251,255,254,242,246,245,129,131,127,norm_impervious
1735,99,102,107,108,108,107,160,161,161,norm_impervious
1736,131,131,131,140,141,138,130,132,129,norm_impervious
1737,74,76,73,80,84,77,84,88,79,norm_impervious
1738,86,90,91,90,95,91,82,88,80,norm_impervious
1739,76,76,84,84,88,87,80,86,79,norm_impervious
1740,87,91,94,85,91,86,77,82,74,norm_impervious
1741,85,93,95,84,90,88,69,74,67,norm_impervious
1742,165,163,140,154,155,138,104,106,92,norm_impervious
1743,158,159,143,151,153,135,92,94,82,norm_impervious
1744,154,155,139,148,149,131,102,103,90,norm_impervious
1745,150,153,132,151,152,135,82,84,72,norm_impervious
1746,147,150,133,150,151,134,78,80,69,norm_impervious
1747,158,159,143,151,153,135,92,94,82,norm_impervious
1748,164,163,145,154,155,136,112,114,101,norm_impervious
1749,91,94,83,89,90,79,117,118,103,norm_impervious
1750,144,132,94,141,129,88,90,96,67,dry_pervious
1751,34,49,30,55,69,42,61,71,45,norm_pervious